,energy,liveness,tempo,speechiness,acousticness,instrumentalness,danceability,duration_ms,loudness,valence,id,mood
0,0.549,0.22,130.749,0.0698,0.000798,0.00485,0.357,244573,-7.843,0.531,3kdMzXOcrDIdSWLdONHNK5,Energetic
1,0.975,0.16,129.022,0.0618,5.13e-05,0.713,0.594,205760,-3.21,0.899,3rFEKOClXOdNFO6fQGuQ9j,Energetic
2,0.724,0.237,130.037,0.0313,0.000827,0.000144,0.512,198081,-5.912,0.531,4G3DWijMhNkWZwLcxnDI0H,Energetic
3,0.828,0.06,126.037,0.0536,0.00175,0.0136,0.542,194626,-3.91,0.785,4YZVtRbdGOhHdGNi4JpCL5,Energetic
4,0.886,0.256,161.939,0.0714,2.93e-05,5.33e-06,0.252,210560,-4.678,0.498,7GvkOFkNsM6Exnkyqeajqm,Energetic
5,0.948,0.376,103.183,0.0356,0.00225,0.0,0.535,173680,-4.19,0.778,29EkMZmUNz1WsuzaMtVo1i,Energetic
6,0.843,0.362,97.691,0.272,0.0102,0.104,0.474,274282,-5.909,0.433,1wsnCfewxZlCs7cJxkaMZM,Energetic
7,0.588,0.373,170.889,0.0641,0.0359,0.000129,0.507,278707,-4.881,0.637,6NvRxjfYkkT2SpirAlmsjH,Energetic
8,0.886,0.334,124.013,0.0483,0.00111,0.000129,0.65,169720,-4.821,0.88,1LbwMX3159t6QxG3u7DRWe,Energetic
9,0.83,0.29,95.004,0.0652,0.129,0.0,0.64,195173,-5.43,0.62,274tSPavv09i163nBnYrCU,Energetic
10,0.939,0.233,106.031,0.0456,0.157,0.0,0.644,208107,-3.486,0.861,28IEbk5a7twNTbUEvWslUb,Energetic
11,0.948,0.105,196.578,0.147,0.0104,0.0,0.185,207587,-3.892,0.316,5eALoO9RRACvoxvLKF9zt4,Energetic
12,0.932,0.425,112.49,0.0485,0.00154,0.000142,0.554,242280,-3.424,0.478,1vcxF91pWs9uNwDROuiCPB,Energetic
13,0.953,0.152,105.046,0.0855,0.00148,0.000582,0.613,213800,-3.435,0.537,305WCRhhS10XUcH6AEwZk6,Energetic
14,0.981,0.197,158.937,0.0906,0.000867,0.00177,0.52,240572,-2.75,0.633,2nIulsLMiP2SMTDrtxfQXX,Energetic
15,0.892,0.751,136.133,0.0786,3.31e-05,0.0948,0.365,323373,-8.036,0.176,1wLQwg0mloy3yXjL0jPE0N,Energetic
16,0.855,0.372,185.791,0.29,0.00354,0.0,0.37,178116,-3.232,0.65,6spaGIZEfeDYlgAupMI34k,Energetic
17,0.855,0.194,185.913,0.157,0.00873,0.0,0.475,186475,-3.977,0.656,2UwBITdD5cadaSxBTjaiXZ,Energetic
18,0.638,0.26,141.95,0.0392,0.016,0.00131,0.549,236587,-5.775,0.536,7vp1UlW0aAWLyg67yjw3Vo,Energetic
19,0.971,0.354,188.116,0.161,0.000725,0.0,0.412,137307,-3.757,0.48,6ZDip2Ee7uMlHndFvFt26L,Energetic
20,0.747,0.221,106.021,0.0342,0.177,0.0,0.676,256344,-4.639,0.449,5xlUcf5txiXDgPleHzkm8s,Energetic
21,0.843,0.0699,175.798,0.114,0.000839,3.02e-05,0.282,161054,-6.002,0.418,2WRk6RxETSwdsg2dhtnXxc,Energetic
22,0.889,0.391,108.279,0.172,0.0185,0.000661,0.363,235147,-6.722,0.589,0gnS1k4dyGPuD3TtHFaCD8,Energetic
23,0.942,0.431,119.992,0.237,0.00039,6.36e-06,0.354,207987,-3.245,0.242,2hEYslbdYWFSIA6JboUvnR,Energetic
24,0.887,0.37,145.141,0.0439,5.67e-05,0.274,0.368,212856,-4.995,0.459,0PolLOpygR0TWHkszVKOXz,Energetic
25,0.865,0.141,148.013,0.0365,0.000583,0.0,0.42,243593,-5.502,0.341,1OgRBv3J0mxawWAMKE1dOd,Energetic
26,0.907,0.0982,112.037,0.0488,0.00115,0.0,0.568,230933,-4.641,0.337,6x5deYIe42rgRbStECDjYQ,Energetic
27,0.927,0.0849,136.021,0.0858,0.00421,0.000367,0.642,197280,-4.101,0.374,1BTZP3wYlQbjnq5L1QUGBc,Energetic
28,0.857,0.12,138.004,0.0582,0.0649,0.0896,0.646,204262,-5.2,0.77,4ETZv4djcbgj8qrC8acKLL,Energetic
29,0.687,0.122,107.992,0.0319,0.0041,0.611,0.651,242747,-7.371,0.374,5MEKqNAOlgt3sh5o0iq8EM,Energetic
30,0.884,0.0478,107.96,0.0448,0.000254,0.000347,0.516,336113,-3.706,0.448,1PLMK1ui86iHHG3FM1N7ue,Energetic
31,0.872,0.0997,166.3,0.068,0.00417,0.00975,0.356,193653,-7.837,0.607,3dOAXUx7I1qnzWzxdnsyB8,Energetic
32,0.912,0.106,116.761,0.0564,2.55e-05,0.000173,0.502,301920,-4.556,0.72,1f3yAtsJtY87CTmM8RLnxf,Energetic
33,0.894,0.269,90.604,0.0579,0.000387,0.000661,0.59,199893,-3.661,0.732,0SjhCnjTT2bXD9RtU8bFT9,Energetic
34,0.943,0.091,85.064,0.0602,0.00293,8.71e-06,0.442,181533,-3.205,0.781,6L89mwZXSOwYl76YXfX13s,Energetic
35,0.466,0.272,123.889,0.0864,0.00666,0.35,0.745,231920,-7.62,0.303,3m6KkYKdnbffMpGd9Pm9FP,Energetic
36,0.981,0.386,134.007,0.06,0.0171,1.07e-05,0.58,195667,-2.603,0.861,1bx7OUl2UmAnA5oZkm9If7,Energetic
37,0.664,0.133,104.56,0.0371,0.000389,0.000655,0.279,237027,-8.851,0.49,0ancVQ9wEcHVd0RrGICTE4,Energetic
38,0.726,0.0606,119.991,0.182,0.000883,1.1e-05,0.822,195652,-4.974,0.837,6xL1QFBJoyhGKhVOFrHkhX,Energetic
39,0.938,0.167,91.455,0.0456,0.0179,0.0,0.618,269000,-3.442,0.875,3ZOEytgrvLwQaqXreDs2Jx,Energetic
40,0.906,0.113,172.977,0.0735,0.00272,9.26e-06,0.517,211520,-3.677,0.731,3l9CW99AHtExIRV4hW2N5m,Energetic
41,0.881,0.0334,147.987,0.0567,4.19e-05,0.473,0.547,154293,-4.114,0.693,4idmN1WLCyvnQGnPWvszcf,Energetic
42,0.955,0.253,200.166,0.149,0.000159,0.00179,0.455,120697,-3.597,0.9,3TWB6wnyoEpqeBwLYSY0O0,Energetic
43,0.956,0.278,119.991,0.0542,0.00222,0.0,0.642,208253,-2.282,0.66,7859pcBwSTJ8jerSu6lh9C,Energetic
44,0.818,0.179,136.025,0.0457,0.0182,0.0,0.56,200737,-4.873,0.398,7MF8YHMgxCM4nVHCckAn6U,Energetic
45,0.686,0.0781,161.977,0.105,0.000481,0.0,0.51,189360,-3.437,0.822,5v8NOFjQCxBxpCNlul11Mg,Energetic
46,0.759,0.077,91.123,0.101,0.034,0.0,0.51,207142,-4.854,0.237,2UKMqNCVsHrAYzBZMA0rxL,Energetic
47,0.742,0.11,91.959,0.0716,0.0722,0.0199,0.7,302000,-6.777,0.197,2oaK4JLVnmRGIO9ytBE1bt,Energetic
48,0.752,0.353,138.012,0.037,0.000702,0.0,0.539,239147,-4.35,0.53,3mSikHaYxiUSMIzM4wOyQn,Energetic
49,0.852,0.0935,101.968,0.046,0.0175,0.306,0.425,321040,-5.607,0.512,0N5aQPSHQAADNV3VbRH7Ph,Energetic
50,0.435,0.0952,119.057,0.0604,0.479,0.553,0.832,259093,-9.598,0.279,5N7d8uxMeuO4HdncbkuhSB,Energetic
51,0.905,0.136,153.398,0.054,0.00172,0.0104,0.542,203347,-5.653,0.374,0ntQJM78wzOLVeCUAW7Y45,Energetic
52,0.789,0.0754,129.804,0.0676,0.00178,0.0071,0.674,121160,-6.903,0.918,1FTSo4v6BOZH9QxKc3MbVM,Energetic
53,0.824,0.0922,89.972,0.0413,0.000127,0.000311,0.501,236427,-7.25,0.57,1060gzllf4b0UETAXisR5l,Energetic
54,0.865,0.237,120.011,0.0472,0.0435,0.00559,0.671,209333,-5.735,0.865,2zrIyIdqafYozfsgiMY0Ae,Energetic
55,0.839,0.576,116.947,0.102,0.00125,0.0,0.397,191293,-6.674,0.764,7v9Ne4758aGFfFc5avh89h,Energetic
56,0.932,0.0476,109.989,0.0376,1.61e-05,0.0188,0.575,172600,-2.72,0.659,1edoYv7eYCeTzzQqFjvsDu,Energetic
57,0.938,0.0973,94.526,0.0386,0.0135,0.0,0.629,176803,-4.516,0.86,65TFv7X6VW3lJC6kadjk8u,Energetic
58,0.836,0.193,119.751,0.0446,0.000446,0.0,0.558,149048,-4.024,0.446,4c5NmcWUEjkIalsXJUsNqw,Energetic
59,0.914,0.325,132.006,0.0413,0.000124,0.0142,0.517,174853,-3.471,0.476,6nZpUrYPnt1JHCYwtt4wrf,Energetic
60,0.957,0.187,135.013,0.0529,0.00298,0.0,0.504,205627,-2.657,0.676,5ynWvN3bQymHVThxutO4hG,Energetic
61,0.736,0.103,114.218,0.0475,0.0204,0.000397,0.354,230773,-4.222,0.211,2z1oTtp1Pee6NyoOlVum0e,Energetic
62,0.947,0.212,157.987,0.144,0.000365,0.0,0.467,262613,-3.393,0.763,6cXxbf1eyxNDkjbGEawVFV,Energetic
63,0.912,0.0719,107.655,0.0369,0.365,2.09e-05,0.633,193200,-7.31,0.843,4yvLuzn3JWfasEnHFVBbdM,Energetic
64,0.72,0.0466,121.864,0.0623,5.59e-05,0.836,0.404,258467,-9.18,0.475,4qMzPtAZe0C9KWpWIzvZAP,Energetic
65,0.81,0.322,165.269,0.0439,0.0164,0.107,0.396,314747,-4.242,0.252,0BS1mTb6ZvZcVm217dyWFU,Energetic
66,0.804,0.0619,120.001,0.0612,3.79e-05,0.85,0.627,194000,-6.196,0.526,2IJWmSFNRb2Ci8LB3wNbQV,Energetic
67,0.819,0.185,139.784,0.051,0.000484,0.0412,0.422,259813,-7.698,0.598,0R194013qdfjeFiap76Nzs,Energetic
68,0.72,0.62,147.669,0.0567,0.0123,1.75e-05,0.277,280103,-7.515,0.576,7LHNVffwgV881YTVbOFZRn,Energetic
69,0.8,0.329,83.81,0.0523,0.00977,3.08e-06,0.391,210851,-2.761,0.398,11FvComd16zZX61DrlP3o1,Energetic
70,0.912,0.363,104.522,0.0618,0.0173,0.0,0.458,257760,-3.666,0.611,6EsBn1Md8C5YdbCzvwvZq8,Energetic
71,0.913,0.0671,145.522,0.074,0.000189,0.00142,0.462,252107,-4.298,0.72,1QZFn6QUNHfCp8s06C91hw,Energetic
72,0.931,0.412,135.826,0.0612,0.00126,0.00881,0.459,200693,-5.024,0.419,20j7B6mL9gnNvG3ic6Vwh5,Energetic
73,0.604,0.477,167.719,0.0495,0.000218,0.000579,0.577,263440,-5.703,0.637,6tsojOQ5wHaIjKqIryLZK6,Energetic
74,0.522,0.402,176.092,0.105,0.00294,0.0,0.405,149507,-7.066,0.459,6DTHkeVHU2CCB3601pJoHM,Energetic
75,0.901,0.538,105.999,0.0935,0.0234,0.0,0.626,164307,-5.075,0.731,41ZM2SdRn6KKqeHGjitBYD,Energetic
76,0.94,0.188,130.198,0.0696,0.000769,9.42e-05,0.366,255627,-5.119,0.369,5FZxsHWIvUsmSK1IAvm2pp,Energetic
77,0.959,0.028,172.984,0.0431,0.000917,0.0,0.433,269373,-4.04,0.365,7x8dCjCr0x6x2lXKujYD34,Energetic
78,0.946,0.294,109.94,0.0512,0.00102,0.00428,0.568,194853,-5.092,0.615,2mlTLwLY2lyRvzFrwguxIZ,Energetic
79,0.737,0.0758,138.034,0.173,0.0076,0.0,0.745,198018,-5.657,0.851,4lRG10ylRu2X4js7ZxK06Y,Energetic
80,0.87,0.118,96.006,0.189,0.0876,1.36e-06,0.565,194907,-5.299,0.363,1nUqrf8MMTeEhPQQpXHS11,Energetic
81,0.892,0.228,85.99,0.071,0.00261,0.000519,0.532,178795,-4.698,0.808,5Md4gGCtM6HV8eR2lQv8F2,Energetic
82,0.781,0.11,116.793,0.0364,0.00136,0.000735,0.516,235587,-4.004,0.897,7oXRMDUzBPekkLRTJhSGvC,Energetic
83,0.884,0.466,146.511,0.031,0.000138,0.0,0.538,233027,-3.251,0.736,5vfjUAhefN7IjHbTvVCT4Z,Energetic
84,0.913,0.346,96.184,0.0437,0.0193,8.59e-06,0.556,282160,-2.36,0.73,6vODhpvfWwdsO0i9MBWnEq,Energetic
85,0.705,0.0858,106.301,0.0452,0.000456,5.48e-06,0.536,238493,-4.241,0.454,2vx5Dc3Zxtd5yGDlh2pAAz,Energetic
86,0.875,0.117,169.152,0.199,0.0341,0.0,0.348,202133,-4.758,0.407,2zzLRQ78kKfPTx8FJQCdC2,Energetic
87,0.802,0.387,119.25,0.0392,0.25,0.0,0.491,248907,-7.106,0.472,77NNZQSqzLNqh2A9JhLRkg,Energetic
88,0.656,0.0631,123.207,0.0381,0.00174,0.0,0.678,257053,-6.41,0.485,26D1PRJjD9Jj1JGRk88KVc,Energetic
89,0.811,0.0677,123.048,0.0431,0.00105,2.08e-06,0.71,199200,-4.079,0.914,3jUTjCISntIUFL8jnAjzgc,Energetic
90,0.735,0.123,122.979,0.0384,0.00397,0.0205,0.831,260507,-6.254,0.97,5EYdTPdJD74r9EVZBztqGG,Energetic
91,0.943,0.317,140.042,0.0512,0.0056,0.000587,0.532,294800,-4.549,0.371,1rSo624QuuCteNxAzsU3SV,Energetic
92,0.897,0.0901,75.529,0.0756,9.67e-05,0.000474,0.503,192039,-5.213,0.621,7pAl6xhxJtpuekgzY1dmlE,Energetic
93,0.752,0.304,101.011,0.0261,0.000264,2.28e-05,0.549,188277,-5.933,0.656,0RLc0uoIsPFdIgwIEVxaXI,Energetic
94,0.792,0.106,97.998,0.035,0.000383,0.000259,0.547,234093,-5.645,0.395,66Avcq6c51vcMGXLzHH5d7,Energetic
95,0.883,0.868,125.02,0.0341,0.00114,0.041,0.555,316718,-3.426,0.507,383QXk8nb2YrARMUwDdjQS,Energetic
96,0.965,0.11,136.018,0.05,6.94e-06,0.000402,0.408,218000,-4.232,0.349,2UKARCqDrhkYDoVR4FN5Wi,Energetic
97,0.732,0.062,92.057,0.0795,0.0139,2.61e-06,0.641,262107,-7.57,0.763,47StfXJOnGLhYfMEWgoTiX,Energetic
98,0.962,0.294,161.292,0.0659,0.0103,0.00103,0.361,174027,-2.928,0.927,5wHNRDvNDTvAvNUllq5v7R,Energetic
99,0.814,0.216,108.016,0.0558,0.229,0.00676,0.658,183602,-4.631,0.69,3MjrueDQKVr6xDDseZwhEd,Energetic
0,0.792,0.0985,110.014,0.0304,0.00154,0.856,0.692,167083,-4.963,0.137,3sQaPmmVZ7vNC64ST8sLTf,Energetic
1,0.515,0.589,119.928,0.116,0.199,0.862,0.429,260063,-12.581,0.0795,6onDP5pnrrmbtju7VTNz55,Energetic
2,0.54,0.149,132.972,0.0327,0.12,0.882,0.658,253534,-10.152,0.183,4p4cH6eGdvOudqUzNLa9ap,Energetic
3,0.455,0.0819,170.068,0.0469,0.008,0.121,0.615,160941,-9.625,0.377,7Exe0mVrJblSNEiRuBI96A,Energetic
4,0.616,0.104,120.078,0.0389,0.0823,0.786,0.591,134671,-11.019,0.0936,2GdXVqIRleFYKJAiikfI4v,Energetic
5,0.467,0.0878,139.973,0.0421,0.00154,0.847,0.579,250404,-9.556,0.112,78VJCqeZzV3iNmXm5hhovQ,Energetic
6,0.778,0.128,100.363,0.027,0.459,0.925,0.617,127920,-8.871,0.152,0bXpmJyHHYPk6QBFj25bYF,Energetic
7,0.39,0.127,100.008,0.0287,0.00572,0.916,0.598,209923,-9.782,0.202,6LBWoasSTImUnGUoweyXL5,Energetic
8,0.632,0.124,171.755,0.0476,0.11,0.811,0.533,314587,-11.883,0.142,7bUGrBJEkLdtCIDYfT5abh,Energetic
9,0.445,0.127,140.169,0.0376,0.883,0.924,0.311,281747,-17.413,0.376,4QhBvbzk0ti2ClGrd6miSc,Energetic
10,0.446,0.0838,89.875,0.0952,0.0101,0.376,0.539,277333,-10.306,0.09,42gXGDSf4wPAT2OYKD9WB8,Energetic
11,0.524,0.0886,115.017,0.0475,0.551,0.815,0.734,242639,-9.481,0.198,1zdLuu3rZH2VG4dvJ7dniW,Energetic
12,0.328,0.0906,135.001,0.0812,0.749,0.894,0.553,258504,-13.52,0.785,5d3qZ4xZv0inQK292Mmnhh,Energetic
13,0.642,0.169,104.856,0.439,0.57,0.303,0.805,250338,-5.589,0.658,6rcBB3zLdFn6RjEzienOdm,Energetic
14,0.799,0.197,103.981,0.0313,0.0346,0.937,0.509,323816,-8.199,0.489,5gBXhnqKKWcReAnRUOw65v,Energetic
15,0.656,0.252,97.992,0.0436,0.114,0.852,0.714,210862,-6.094,0.428,0Z9ofr2DJYQ6lSlVUcM4ZQ,Energetic
16,0.49,0.0751,107.965,0.275,0.918,0.376,0.691,244506,-12.883,0.0385,37uqBNIiYgCuSF0ppMWzVx,Energetic
17,0.613,0.0809,122.002,0.133,0.1,0.665,0.841,248862,-8.231,0.479,2lO774u95zrlPunRBDtyRA,Energetic
18,0.377,0.0409,100.028,0.169,0.385,0.847,0.846,196232,-13.698,0.606,7l3MZPlCyfO7wXXH2X0JRE,Energetic
19,0.765,0.0952,113.009,0.0358,0.262,0.901,0.761,261285,-7.075,0.577,1LuMGOFh3gxyeZVERdgYnt,Energetic
20,0.667,0.144,90.02,0.0683,0.0286,0.00029,0.676,215998,-7.147,0.398,3U4uwhIYDpatmcyBEqy9QI,Energetic
21,0.683,0.0667,93.998,0.0557,0.299,0.964,0.632,256731,-9.513,0.0409,1smXxNGuz40eZi5LX8pmI1,Energetic
22,0.366,0.582,115.068,0.148,0.677,0.0786,0.71,187826,-12.68,0.321,479xhIMpUhIw1cjUXe6OO4,Energetic
23,0.527,0.0739,179.974,0.0443,0.718,0.715,0.585,208000,-9.972,0.105,4H25DIvtlGNNpebcxNqJZE,Energetic
24,0.756,0.289,119.998,0.0418,0.00442,0.808,0.705,269939,-6.582,0.203,4XpLwRcfumQsZ0IxDNOP3f,Energetic
25,0.46,0.0902,96.848,0.0255,0.561,0.942,0.585,174613,-9.175,0.103,7C94SNGLSbtOm16l82xy6F,Energetic
26,0.705,0.519,97.009,0.164,0.456,0.0593,0.525,259241,-7.331,0.616,3NBZZPLWVWSBlguC8TEk61,Energetic
27,0.662,0.393,179.97,0.195,0.234,0.809,0.642,283213,-9.153,0.106,0UgXbcumMvXTdIpUMXRfRP,Energetic
28,0.718,0.0981,129.956,0.0394,0.352,0.552,0.781,242133,-6.559,0.154,4LUu3bMpuxHjwPLj84rNSx,Energetic
29,0.575,0.103,129.953,0.0343,0.478,0.128,0.707,262013,-6.629,0.216,1D17MLY1m8MUpbMveEljMN,Energetic
30,0.456,0.0878,111.016,0.0919,0.663,0.0376,0.727,195737,-10.577,0.294,76hxD9aWoH3DRlxrIvLWLZ,Energetic
31,0.538,0.104,123.979,0.0397,0.0305,0.651,0.727,264293,-9.032,0.6,1RMXNaUZ8AdmANVYyNjNum,Energetic
32,0.585,0.161,121.999,0.0308,0.00116,0.895,0.692,173320,-6.456,0.667,1kFu2TuUmsARXGYc2eYXiC,Energetic
33,0.785,0.0941,110.004,0.0422,0.51,0.866,0.714,269500,-6.878,0.934,6mnp6LoK6oeredCPjVdBut,Energetic
34,0.507,0.102,109.121,0.0285,0.758,0.237,0.507,158981,-13.305,0.179,1qzOcN3cn0WHiPOQRWnu3w,Energetic
35,0.844,0.0827,119.042,0.0374,0.395,0.933,0.64,352247,-8.412,0.364,2hNTfrAILBLesbPootV83e,Energetic
36,0.59,0.0685,117.006,0.0464,0.23,0.834,0.693,475480,-7.232,0.237,6BbFwwHnzY74a8GOsDg8Sn,Energetic
37,0.423,0.0924,124.962,0.0369,0.837,0.966,0.441,268893,-9.435,0.159,0f3G1ecfRIffW1qhQt1lEG,Energetic
38,0.739,0.171,124.75,0.0718,0.0237,0.607,0.529,237547,-9.578,0.138,5DAjrJqXqYtgr67pVhmUeR,Energetic
39,0.653,0.112,117.999,0.0396,0.0281,0.858,0.656,307328,-11.883,0.199,3AW6V6zWH45jI7eNPnSDfT,Energetic
40,0.584,0.16,128.012,0.0287,0.224,0.714,0.447,165516,-7.308,0.181,3J2MMi0dCUdUBzzKQ0ipXB,Energetic
41,0.394,0.0988,81.988,0.0641,0.513,0.00155,0.416,237008,-9.269,0.131,1msfqzqHggvi1mlCT4Z7O5,Energetic
42,0.422,0.395,150.026,0.0707,0.26,0.223,0.791,248000,-7.737,0.499,5HEpukkNnxdPAV9zsgDLOx,Energetic
43,0.647,0.0667,124.997,0.126,0.0429,0.815,0.822,493511,-12.897,0.438,7I3BOAERAtfQG3Fkht5Kpi,Energetic
44,0.557,0.368,94.484,0.0392,0.00122,0.00376,0.477,303987,-8.593,0.0737,7G9nspS5rMqbRY0XEx2s0q,Energetic
45,0.515,0.102,127.001,0.0646,0.159,0.769,0.755,478183,-11.413,0.27,1UmLoPCg5kLMm3ROuHrZey,Energetic
46,0.202,0.0782,211.863,0.231,0.772,0.897,0.726,365695,-14.214,0.682,6FwRu39rhgBnYzZSXDSmLH,Energetic
47,0.387,0.0818,111.98,0.279,0.0755,0.861,0.723,353814,-12.039,0.133,2p6LQRALG9o3qKq8gOWX9f,Energetic
48,0.593,0.126,123.998,0.0298,0.00771,0.275,0.603,435484,-10.971,0.0986,0ZbsibQtb9M2N33y6FcyFh,Energetic
49,0.426,0.108,90.018,0.0392,0.00186,0.081,0.605,216000,-15.043,0.0708,3pmYKQY4NGqFIbAbB3YUL4,Energetic
50,0.692,0.098,131.694,0.0702,0.000696,0.766,0.591,178939,-7.817,0.547,1DH7pP36cZtRWRAynNSLeC,Energetic
51,0.461,0.103,98.998,0.0275,0.476,0.897,0.587,234688,-11.968,0.223,00DHieiDnak3hkU6Qa4yJQ,Energetic
52,0.39,0.0489,118.02,0.0976,0.071,0.747,0.881,440119,-10.675,0.607,1uBYrPtYmZ8cm3OYVBvSjk,Energetic
53,0.468,0.0794,121.001,0.0465,0.0543,0.804,0.826,468837,-8.595,0.203,5PRpTOhskrzzzPBUPXBltC,Energetic
54,0.681,0.0794,123.986,0.0317,0.0109,0.883,0.619,327097,-10.211,0.112,20KQjkNa6cZE8Mu5j6dSSS,Energetic
55,0.549,0.141,79.999,0.275,0.262,1.86e-06,0.61,240000,-8.98,0.38,6o5CnQ64kggC3sEnIUpEl5,Energetic
56,0.637,0.171,171.983,0.0509,0.21,0.704,0.709,262326,-8.392,0.817,4aOxQCKwOPVU2GICoIedp5,Energetic
57,0.532,0.359,171.957,0.226,0.338,0.883,0.591,203721,-7.509,0.254,4Z1xD1Wr3EF2uqgEODVPyH,Energetic
58,0.584,0.351,180.065,0.0667,0.268,0.606,0.605,228343,-8.083,0.58,3nKx86fcs8MYMydill0Sya,Energetic
59,0.495,0.109,125.996,0.0537,0.000806,0.772,0.571,413219,-7.927,0.074,7yRE5KBKSrntclxCKnlgYs,Energetic
60,0.775,0.0812,123.977,0.0437,0.0127,0.88,0.64,282645,-5.901,0.0973,2pAYGpDwOHSeBBBZttCXbs,Energetic
61,0.433,0.0553,99.996,0.0557,0.112,0.0233,0.833,230881,-7.003,0.256,5k88XtZ44NmyrrHdZ4Aeev,Energetic
62,0.83,0.115,124.009,0.0395,0.21,0.836,0.646,240000,-8.398,0.137,7LihoPgTF9hnxMh9lRTNkA,Energetic
63,0.575,0.0877,126.012,0.0693,0.000425,0.891,0.836,465713,-8.584,0.896,4aQKtoGs97E1juXc6SPWAd,Energetic
64,0.845,0.111,128.016,0.0804,0.00226,0.289,0.775,397500,-5.167,0.636,64Lleq4Cgz6lV0GZZnBi96,Energetic
65,0.433,0.198,113.508,0.0419,0.0123,0.143,0.45,254118,-10.839,0.0393,3gE9U5mNrJewDXN1wU7d8x,Energetic
66,0.489,0.106,92.992,0.0353,0.716,0.743,0.568,230342,-11.22,0.0387,287rRN24HNx4pNs0rwNQt8,Energetic
67,0.469,0.0724,176.934,0.0784,0.024,0.179,0.55,238341,-10.167,0.178,4brK3gpPjXArNUlU1hBXTe,Energetic
68,0.486,0.0753,123.981,0.1,0.000632,0.534,0.811,418117,-10.434,0.947,1TGCzulTWEOwqpp77eD6CD,Energetic
69,0.417,0.0696,92.008,0.0581,0.0907,0.224,0.839,251394,-10.371,0.601,510dqT7HRHtKYysY7CGEmL,Energetic
70,0.592,0.119,99.996,0.136,0.0365,0.86,0.817,200567,-10.996,0.764,2QEEEOMWUxkrgFfr7DqwBb,Energetic
71,0.665,0.0994,111.188,0.0547,0.124,0.887,0.793,250653,-12.347,0.661,3wMH1fDMAiXkd116i6CmFp,Energetic
72,0.523,0.116,111.982,0.0556,0.298,0.829,0.884,398376,-10.747,0.563,1DVyQeQEHahLABVhsGzWXJ,Energetic
73,0.528,0.11,98.046,0.0262,0.407,0.677,0.692,144490,-9.514,0.703,35e7wuY5cGvECEa2rSktDk,Energetic
74,0.683,0.157,132.582,0.0282,0.0281,0.631,0.671,225992,-9.331,0.317,5dJqwt6VSRxS8d2anUAhVc,Energetic
75,0.373,0.0873,118.989,0.0695,0.0118,0.614,0.758,361307,-16.452,0.463,2IO8CTPvNOr5FwM6j69CrA,Energetic
76,0.303,0.09,103.553,0.0308,0.776,0.948,0.595,187868,-14.886,0.0999,6jdhWs6kZzJqNkyWyo4sQE,Energetic
77,0.308,0.109,108.124,0.0414,0.908,0.943,0.474,202000,-13.641,0.0361,6Jk2v09KNcSRHr2qj1vi9c,Energetic
78,0.422,0.099,100.023,0.109,0.891,0.696,0.602,274668,-14.759,0.0459,6wjKfPVUkSvZHbt9iN7fug,Energetic
79,0.454,0.344,90.034,0.0435,0.13,0.235,0.631,244243,-13.646,0.0457,3tI6zVTC0gBjOi6FvUN4we,Energetic
80,0.831,0.0695,142.034,0.0694,0.254,0.507,0.802,195216,-4.682,0.455,5U0Yohzawdf3RERzPSHmzZ,Energetic
81,0.519,0.125,100.01,0.0661,0.000191,0.885,0.326,254320,-7.663,0.152,5USUB23qB8ryBfC8SCsxHY,Energetic
82,0.576,0.0811,115.227,0.0485,0.000202,0.894,0.239,143913,-11.434,0.0396,405OiJ7G9xZ8oZPaiJtElJ,Energetic
83,0.62,0.118,104.95,0.0698,0.168,0.000989,0.733,226857,-8.556,0.122,5ffwgrvw4tVlhFcI8efviN,Energetic
84,0.677,0.408,85.041,0.0631,0.183,0.0,0.643,183791,-4.809,0.141,6SceBvztmq2rM97M6RQS3l,Energetic
85,0.59,0.103,111.993,0.0458,0.364,0.769,0.726,216428,-8.367,0.355,5vnNLhEi7qpC2sXWvSQGOg,Energetic
86,0.483,0.134,96.029,0.0359,0.000196,0.557,0.694,220000,-7.157,0.132,2sKTYRCgUHXmIhI2hoBuZE,Energetic
87,0.724,0.133,122.993,0.0428,0.0889,0.82,0.718,268451,-6.679,0.334,5q4dvuNkkunUT9gcfqkE05,Energetic
88,0.702,0.074,121.039,0.0444,0.0136,0.924,0.712,359227,-7.129,0.655,3xbonQCBlfpOis6FTdfYfT,Energetic
89,0.281,0.11,159.794,0.161,0.17,0.000267,0.522,240750,-11.425,0.191,6TNRjp1NSJTbehg6GtaAvJ,Energetic
90,0.628,0.193,125.043,0.0752,0.0358,0.00898,0.612,228155,-6.754,0.434,1pqOdQkmYdM7AUM1q3L1mN,Energetic
91,0.713,0.633,150.066,0.0584,0.245,0.659,0.726,193600,-8.425,0.488,3UFBzICFstCzMAy9SgLbJr,Energetic
92,0.603,0.156,75.058,0.0309,0.0026,0.0125,0.427,184000,-7.812,0.178,64LxDEEDDtQfb4bTadJsyX,Energetic
93,0.655,0.103,171.664,0.0769,0.302,0.0679,0.363,273904,-6.582,0.0581,6MSd4awjGA81m2HP863Ip3,Energetic
94,0.743,0.115,81.01,0.323,0.0829,0.0916,0.662,173667,-6.769,0.148,3SW9dZS4Oj3AEKNpdTi1VH,Energetic
95,0.5,0.0896,119.998,0.0321,0.0161,0.698,0.663,216131,-11.933,0.237,72Bjz56peBcn2Dz9Is4rkv,Energetic
96,0.614,0.0961,85.027,0.0411,0.213,2.1e-06,0.485,183893,-5.701,0.221,0aCsQvJk7VXZ6HCHfV5vtj,Energetic
97,0.691,0.0995,119.996,0.0343,0.454,0.75,0.592,341594,-9.03,0.234,3OhwaetItNaTXxn0mr9SkN,Energetic
98,0.802,0.18,92.984,0.0566,0.0184,0.902,0.704,201290,-6.666,0.198,2153LlVtgMJwSRdcLop21z,Energetic
99,0.857,0.0788,125.991,0.0638,0.225,0.706,0.843,203819,-4.238,0.186,4XEg8Ej8iOEpFaEqjaqe44,Energetic
0,0.12,0.0916,70.212,0.0334,0.756,0.888,0.287,85714,-23.17,0.0402,2MuaFOZj37wxfuE5owVhF9,Relaxing
1,0.146,0.0957,73.963,0.0373,0.893,0.725,0.248,94648,-21.551,0.0353,1GwaCX84BPG0GRoC0zIa9P,Relaxing
2,0.148,0.0961,143.578,0.0339,0.603,0.848,0.413,87500,-19.361,0.0574,04JXK1GuqYWZHaRPpdIiv9,Relaxing
3,0.0604,0.141,79.958,0.0324,0.973,0.494,0.515,72000,-23.755,0.175,1UuovFMJZO3lThwwVBafbN,Relaxing
4,0.00721,0.107,85.065,0.0361,0.978,0.894,0.507,97037,-26.424,0.039,5FiIDwTS9PJKMy2fcKp0k1,Relaxing
5,0.176,0.0739,70.262,0.0359,0.944,0.809,0.156,87887,-22.964,0.127,24Q3JyGSmQNM1XiXyZcshq,Relaxing
6,0.0415,0.112,67.435,0.0392,0.952,0.975,0.182,89143,-26.378,0.0376,67RoG8WRlEzSusTEDRcPdb,Relaxing
7,0.0359,0.123,70.31,0.0471,0.994,0.934,0.419,94737,-25.45,0.359,4EeSyjkNQyxVgps0FGu2LP,Relaxing
8,0.0157,0.08,139.937,0.0353,0.962,0.928,0.546,99429,-23.15,0.21,5KEm9mvIwaLf0mQ1M4AYLz,Relaxing
9,0.0796,0.072,70.316,0.0303,0.945,0.955,0.215,120000,-23.323,0.0394,63srq70JClmi80OC6X7J5g,Relaxing
10,0.0367,0.108,139.73,0.0398,0.701,0.823,0.166,85714,-26.202,0.135,4525Hx49ZxzUeeaKrlYlaS,Relaxing
11,0.0551,0.125,87.327,0.038,0.937,0.855,0.222,102857,-24.982,0.0377,23rqBG7JfLr8TUXuuCGhma,Relaxing
12,0.175,0.0982,142.857,0.0451,0.868,0.857,0.15,128451,-23.606,0.102,1ziqGVefdg2e0FmgCsZP0i,Relaxing
13,0.131,0.0968,76.095,0.0438,0.875,0.795,0.189,96000,-24.596,0.0368,7dDvxTzHJLfIgZriRfhOLB,Relaxing
14,0.18,0.116,62.392,0.0433,0.628,0.822,0.202,90435,-22.992,0.0307,0ujfGX9iCJZzqWlkKoFVdc,Relaxing
15,0.0524,0.0867,149.793,0.0335,0.958,0.762,0.262,89600,-24.711,0.037,03zDDHNSpm6ayF8zXbxwvz,Relaxing
16,0.197,0.0932,72.954,0.0477,0.561,0.983,0.226,105205,-23.16,0.0274,5LIWgEi2xDPGLNxtVocksn,Relaxing
17,0.00279,0.0994,73.189,0.039,0.991,0.936,0.344,85926,-30.108,0.393,0xlX5qEah0o5R4TIktSEOG,Relaxing
18,0.00128,0.11,70.752,0.0867,0.995,0.978,0.469,63333,-34.908,0.0,2M2TSXsNP1l1oW2CFXhgBu,Relaxing
19,0.0324,0.105,70.347,0.146,0.996,0.973,0.643,65143,-33.048,0.0,3uUh1YcGhUqkmRUzEqCOiC,Relaxing
20,0.00152,0.107,69.666,0.0641,0.996,0.973,0.573,69429,-37.672,0.898,4ybCihmUckfn3u8yOrRqLC,Relaxing
21,0.0345,0.114,69.922,0.0422,0.996,0.973,0.641,66857,-35.587,0.934,0mEfx07KcDFUKNrU16Bk5N,Relaxing
22,0.000871,0.118,71.323,0.193,0.995,0.969,0.535,66667,-36.857,0.0,2cQGtXBC1JrANk7o4rESD0,Relaxing
23,0.0318,0.0917,71.294,0.0381,0.949,0.877,0.2,121690,-26.218,0.0362,6nYg4DgEq6DlhpcWFNDyTl,Relaxing
24,0.0936,0.0936,73.925,0.0397,0.862,0.785,0.148,103333,-28.659,0.0361,2GgmYWk2zlMNnfyNY1hz23,Relaxing
25,0.205,0.0918,140.353,0.0308,0.879,0.932,0.357,116571,-22.167,0.0618,5UZzBvSXjY2o5aKcPCIYEU,Relaxing
26,0.106,0.105,71.725,0.0371,0.883,0.71,0.205,110000,-24.15,0.039,469IscYwMjAgAlR7Z5y0Vw,Relaxing
27,0.0782,0.0989,66.065,0.0384,0.968,0.963,0.231,99200,-26.117,0.031,7vYPrJgPqfGhsOfkL0okpf,Relaxing
28,0.129,0.0767,140.158,0.0338,0.99,0.934,0.411,102857,-21.368,0.205,26uvmHRLvY2VWgcH8I4lS2,Relaxing
29,0.0148,0.102,81.671,0.046,0.995,0.881,0.635,84304,-26.897,0.46,6DH7CWK3fKjCH33GkJvhoN,Relaxing
30,0.178,0.0668,73.234,0.0368,0.931,0.854,0.224,98630,-21.753,0.0392,5yIbgGtGi7d65Os51YvVVZ,Relaxing
31,0.114,0.0957,66.43,0.0441,0.981,0.97,0.127,115200,-26.26,0.0372,14PxQSLWQxUQvIFcP3uQas,Relaxing
32,0.106,0.0808,70.785,0.0444,0.969,0.963,0.191,99429,-27.305,0.0323,6KImaBgqBj8HdXBQVPEIup,Relaxing
33,0.119,0.0851,84.932,0.0503,0.905,0.941,0.175,96000,-22.492,0.0281,0x5bRvUlDk1rmzMorvUxYR,Relaxing
34,0.11,0.12,76.131,0.0479,0.909,0.894,0.155,94648,-24.356,0.0365,2S5YfHhXQX5uNxAmWTjIJ3,Relaxing
35,0.118,0.101,83.075,0.0364,0.962,0.959,0.203,89143,-25.76,0.0382,0NaUuX5de2UDdnMHuJHW03,Relaxing
36,0.0805,0.095,73.269,0.0421,0.957,0.97,0.193,91268,-25.656,0.05,7dmTVe7uWD4K6afhJt7Lfs,Relaxing
37,0.221,0.106,65.123,0.0344,0.0536,0.828,0.197,92571,-18.945,0.139,0eQcEQpGfRuDUo00SsCiK8,Relaxing
38,0.148,0.181,127.074,0.0537,0.843,0.926,0.17,96000,-22.296,0.103,4DNSeJqArKV7exjSCFU4es,Relaxing
39,0.121,0.0965,72.272,0.0452,0.954,0.953,0.176,114930,-24.366,0.0499,2Bwta0kTrDd4Gss0IoNzxh,Relaxing
40,0.183,0.169,87.834,0.0387,0.875,0.939,0.192,96000,-23.161,0.0323,4FSLfHDKnnmxfskTPOBH9T,Relaxing
41,0.13,0.0997,76.295,0.0366,0.766,0.905,0.217,99429,-24.219,0.037,0Wjppz48V1KnrxR80CXE7I,Relaxing
42,0.147,0.105,72.447,0.0488,0.731,0.925,0.134,96000,-22.907,0.0345,00VetaoC8TaqvyumxJIXmx,Relaxing
43,0.0779,0.107,143.487,0.0349,0.972,0.88,0.257,90000,-24.761,0.0398,4bjRIPq0xdpy76bKpUFpbM,Relaxing
44,0.0616,0.114,64.448,0.0394,0.568,0.835,0.204,120000,-25.006,0.0439,7ApTnDx5BI8N92PFna9OR0,Relaxing
45,0.22,0.0888,133.184,0.0434,0.817,0.598,0.175,89143,-24.472,0.0314,3hS0Kv9bh6bSjiA9vb5JTF,Relaxing
46,0.0624,0.0924,66.675,0.0333,0.241,0.827,0.204,96000,-22.01,0.0433,0QPZOS0GApHTXjPb7tfYD0,Relaxing
47,0.0694,0.108,142.344,0.0434,0.992,0.912,0.328,86667,-17.241,0.109,4fHrHHpb3hY6dkcRORxXwu,Relaxing
48,0.186,0.125,76.264,0.0337,0.887,0.898,0.149,94648,-25.13,0.0803,0C8rPEfM8lZA05al27k0Pq,Relaxing
49,0.215,0.112,67.083,0.0343,0.335,0.704,0.185,86956,-21.685,0.0357,45zotayJfPuVrGN6L7TmZh,Relaxing
50,0.0358,0.108,74.164,0.042,0.869,0.857,0.181,90811,-21.023,0.0646,3HvO0bTIyAMYyHbY1vD9aA,Relaxing
51,0.108,0.123,76.859,0.037,0.628,0.754,0.225,82286,-25.79,0.0399,3wBTiLb3ddU35dm2SNh4MW,Relaxing
52,0.041,0.07,70.038,0.0362,0.978,0.895,0.318,95143,-30.126,0.0415,4G0GaPSZViJnrXRpRFxxFh,Relaxing
53,0.0865,0.115,69.782,0.0379,0.895,0.575,0.21,88421,-25.304,0.0489,11x57xUo3O5NQV5MLGD6zw,Relaxing
54,0.127,0.0991,98.991,0.0376,0.956,0.771,0.233,91139,-21.851,0.0884,3v3EPJT1PIQQ3DICeBLpxH,Relaxing
55,0.139,0.0863,70.073,0.0313,0.826,0.867,0.329,96000,-23.53,0.0375,1GvBcoKn7J7swaqVPcowan,Relaxing
56,0.0477,0.108,73.003,0.0346,0.397,0.69,0.264,98630,-27.346,0.0659,4eW9R3LYXbSPWXrEnUPKdi,Relaxing
57,0.0467,0.115,80.01,0.0507,0.93,0.785,0.748,99000,-20.727,0.301,5KRryMDFDbpn9r8TjfT2MH,Relaxing
58,0.138,0.105,77.697,0.0431,0.821,0.967,0.0703,108169,-23.644,0.0365,0lgujOKZxSa241uY8kWp7Y,Relaxing
59,0.104,0.13,91.329,0.0392,0.766,0.95,0.202,114930,-24.698,0.0909,3UYbzEmEKYCix4Mo7OXKqh,Relaxing
60,0.0953,0.104,139.474,0.046,0.784,0.823,0.145,96000,-23.818,0.075,5TeHL0ZEbwCsyax3wQTcVC,Relaxing
61,0.135,0.0825,139.186,0.0363,0.881,0.96,0.215,89143,-23.64,0.0348,31NKBW5ZpOUqCewtOwgN5T,Relaxing
62,0.0682,0.0888,69.968,0.0346,0.957,0.7,0.356,113143,-25.079,0.037,6O5ehFKzr9z2m6FhpivQQj,Relaxing
63,0.168,0.151,71.795,0.0361,0.934,0.806,0.11,106286,-22.321,0.0391,44kSmjN9DIwTJoMBHHEnDM,Relaxing
64,0.189,0.11,140.161,0.0396,0.891,0.948,0.276,116571,-21.931,0.0538,4wISOt1Hp1lkj2dCkipWhy,Relaxing
65,0.206,0.111,69.645,0.0398,0.793,0.929,0.279,106286,-23.779,0.0392,7jHyMwv86JfAoBgALjZbwM,Relaxing
66,0.281,0.0954,64.456,0.0508,0.942,0.903,0.26,92800,-17.586,0.0366,4tP48zuROIWLULwtFmWOIu,Relaxing
67,0.125,0.1,70.059,0.0396,0.941,0.969,0.455,89143,-18.567,0.169,3n7E6nMZXWpWqQoQuJ33SH,Relaxing
68,0.156,0.106,79.857,0.0283,0.887,0.907,0.351,84000,-21.413,0.0397,05hc5PiLZ77HU7Gz8TawgK,Relaxing
69,0.00746,0.121,75.499,0.0473,0.983,0.877,0.353,84444,-26.188,0.0916,19t5Le0ny4yXMDpvevhsrV,Relaxing
70,0.166,0.108,141.003,0.0406,0.954,0.9,0.209,101408,-18.535,0.0904,5D6GS8BXf1BBEPtGQpdIsz,Relaxing
71,0.117,0.107,72.564,0.0343,0.847,0.909,0.155,93333,-19.878,0.0424,2NDFlDpAIDF5G8DYDZv5GV,Relaxing
72,0.116,0.103,71.553,0.0429,0.895,0.735,0.134,98028,-24.784,0.0336,0ZbXIvAR19BGZGc8zafdhl,Relaxing
73,0.192,0.109,48.013,0.0403,0.776,0.991,0.0954,96000,-21.27,0.0345,2zuk45iwW1IhxqpwU9FZjl,Relaxing
74,0.158,0.112,114.691,0.0341,0.926,0.932,0.171,90000,-24.269,0.051,2SMJJ2Mwll31SQZYZMza7h,Relaxing
75,0.0669,0.0629,64.645,0.0408,0.855,0.904,0.231,92055,-28.672,0.0423,23XlKw4XQXL4ZcYU3T2CHy,Relaxing
76,0.13,0.0862,175.74,0.0425,0.778,0.94,0.0927,96667,-27.874,0.0612,2tJcIuKcJyeqDZw983PIP0,Relaxing
77,0.0869,0.0984,62.819,0.0408,0.896,0.973,0.185,96667,-24.648,0.0373,4fnJE1cthnmrDzCcwiNjBV,Relaxing
78,0.175,0.103,91.119,0.0393,0.852,0.954,0.198,126575,-22.329,0.0474,37cfHEoArRTf7AxGpV9Oc2,Relaxing
79,0.108,0.11,71.252,0.0445,0.887,0.883,0.166,90000,-25.641,0.04,5aRaDpIXDKzkY6tOEPGV6b,Relaxing
80,0.239,0.0668,71.886,0.0495,0.959,0.994,0.286,116571,-21.11,0.0392,4qcuA5PtGFrXNBBJwQsgSI,Relaxing
81,0.199,0.131,73.606,0.0336,0.765,0.883,0.128,116757,-20.768,0.0453,2Altc136d7c4gZwdiUgk58,Relaxing
82,0.179,0.0892,128.165,0.0351,0.935,0.859,0.214,98028,-19.328,0.0392,2BRtJnsP6lHRouBThr1wUf,Relaxing
83,0.0717,0.0696,72.244,0.0429,0.975,0.948,0.195,93333,-26.142,0.0358,2Jdyt9OxI3CEA50ZwSpm22,Relaxing
84,0.129,0.115,145.451,0.0342,0.715,0.857,0.176,92055,-24.852,0.0352,6LRAb2JgRHOP6Zv0jptX4k,Relaxing
85,0.0341,0.109,71.671,0.0397,0.929,0.751,0.232,102400,-29.896,0.0345,4mnYHZDp7mraBoCVhp9fS8,Relaxing
86,0.0219,0.0875,139.833,0.0452,0.795,0.752,0.224,113143,-28.395,0.0549,3sOcwWj8Xr5Vpr7yLcyA06,Relaxing
87,0.107,0.0877,112.882,0.0414,0.216,0.677,0.252,97714,-27.718,0.0613,6eLNs7klsD1hwVw6DrTV7o,Relaxing
88,0.17,0.121,82.978,0.0408,0.702,0.81,0.176,99429,-25.314,0.0393,3b5iVZiWEDxJeROcScCYRF,Relaxing
89,0.0537,0.109,75.001,0.0382,0.74,0.736,0.12,88767,-30.992,0.0377,2bGhBaA2pJsKLOgwUQfhdH,Relaxing
90,0.0491,0.0952,110.337,0.0434,0.513,0.793,0.162,113143,-29.867,0.0393,2RVNMYXgfJCfxGSakTNUx2,Relaxing
91,0.0472,0.114,71.918,0.046,0.912,0.85,0.134,109714,-29.955,0.0723,1ka6WYQznjjKZkKYikONiM,Relaxing
92,0.105,0.116,106.983,0.0446,0.941,0.931,0.155,109714,-27.074,0.0387,2v6gDaHkHfojtLeK9Z9Zd6,Relaxing
93,0.131,0.0962,139.308,0.0377,0.667,0.767,0.195,96000,-25.896,0.039,2vl0jpEViZ3gkQMmiCVU34,Relaxing
94,0.066,0.0902,78.261,0.039,0.958,0.955,0.1,96000,-27.605,0.0346,5rAZ18w0BEU3XIkSvVesfQ,Relaxing
95,0.0419,0.0964,65.9,0.0366,0.892,0.926,0.264,96000,-24.491,0.105,1PkYyUW957EtXNL8h7O8h1,Relaxing
96,0.0854,0.104,72.322,0.04,0.845,0.869,0.152,96000,-26.351,0.0747,61OZSwAZFw1oBMGNBDDSxF,Relaxing
97,0.00119,0.112,69.275,0.518,0.996,0.973,0.624,68571,-37.794,0.0,0us61DzC86dpwdtNmM5voY,Relaxing
98,0.00489,0.106,69.818,0.089,0.996,0.973,0.65,75429,-35.817,0.648,7wrElpponSXCWj6DMSSJAL,Relaxing
99,0.0234,0.124,66.172,0.0524,0.993,0.929,0.547,94737,-26.511,0.57,06yt0JrpLQpsXDBRcn3e6Q,Relaxing
0,0.128,0.12,122.199,0.0376,0.961,0.85,0.523,129493,-18.679,0.152,6s9HUUwQLIIwv3PaB28k5U,Relaxing
1,0.696,0.129,119.999,0.0329,0.851,0.901,0.505,635000,-8.214,0.43,278h48eyiWbXhrgb5VtclT,Relaxing
2,0.487,0.0795,129.55,0.0362,0.413,0.81,0.389,484960,-13.267,0.0676,2MdCE51hJOh9N5Hu0IZGbO,Relaxing
3,0.44,0.0966,129.182,0.0364,0.276,0.896,0.225,290339,-11.707,0.197,7wWNhI15N5wEjQC1d01BqT,Relaxing
4,0.251,0.37,114.198,0.0319,0.165,0.0288,0.536,421933,-11.393,0.329,71VA8RThkp9Kr0wbhQRza3,Relaxing
5,0.638,0.154,108.156,0.0295,0.434,0.954,0.492,325333,-9.095,0.357,058ylCuWsj0Q85LWviID7u,Relaxing
6,0.495,0.108,121.771,0.0271,0.194,0.808,0.594,333759,-11.3,0.33,3aSSM5v4X0i0R7P781cjbk,Relaxing
7,0.338,0.245,121.808,0.0305,0.0409,0.919,0.417,299630,-16.702,0.45,5LBtU80gRMblLnpZDBKCBQ,Relaxing
8,0.424,0.379,122.734,0.0337,0.0535,0.881,0.352,548587,-12.952,0.206,1A2VqNdoncLYrSDxRxgxZZ,Relaxing
9,0.568,0.112,93.246,0.0341,0.555,0.378,0.244,455600,-8.112,0.306,0QCV5tCax1R7yNN6HQMQJx,Relaxing
10,0.721,0.112,118.093,0.0354,0.238,0.519,0.318,511693,-7.68,0.18,61VgWtpg1ZVJys1pPVpciS,Relaxing
11,0.359,0.123,63.192,0.0333,0.172,0.86,0.354,1078875,-7.689,0.0732,1Zc8dko3vYapJnJ6nBH7tt,Relaxing
12,0.426,0.0718,62.451,0.0269,0.307,0.831,0.356,1216922,-11.197,0.409,6oLrv7D89lTEofMck6juDv,Relaxing
13,0.334,0.118,103.017,0.0376,0.00356,0.81,0.564,158893,-10.312,0.0391,7BSZgh9qmNyIqbkGHQzuTy,Relaxing
14,0.478,0.28,124.796,0.0284,0.717,0.713,0.493,560840,-8.133,0.101,5huCa8exUevRP4VW9yaFCy,Relaxing
15,0.0825,0.125,107.664,0.137,0.00638,0.801,0.234,1248752,-9.302,0.0387,4mR0UW4OZAkBkkcOTw49Ix,Relaxing
16,0.408,0.101,76.02,0.0295,0.00533,0.836,0.657,222681,-8.401,0.357,3FfIPZl02Le17YtcgATXmA,Relaxing
17,0.001,0.0926,175.681,0.0319,0.0041,0.861,0.268,1443280,-8.151,0.692,4EGKtxP8frR9b3VlUUsgYj,Relaxing
18,0.521,0.112,144.294,0.0335,0.457,0.694,0.344,491227,-8.552,0.116,2IWZcXsFTM5E7Si9ZAnYuk,Relaxing
19,0.451,0.109,137.66,0.0635,0.841,0.929,0.69,199104,-11.872,0.877,1NL0JUs4xMzZwh5vrEJnPG,Relaxing
20,0.582,0.122,115.029,0.0278,0.229,0.848,0.614,308998,-7.676,0.36,0RfoeJLvPM3yGBs2jhMxkO,Relaxing
21,0.308,0.0948,135.963,0.0319,0.885,0.892,0.511,155313,-15.74,0.0798,2tWw3m1Hj1mCFoZKQmAwul,Relaxing
22,0.576,0.096,155.214,0.0349,0.0197,0.526,0.26,487639,-8.789,0.388,24nzNJqqphaHKU2CfwomRp,Relaxing
23,0.464,0.132,101.32,0.0288,0.00918,0.332,0.252,394893,-10.34,0.155,2fk2gnHDjUELw7czKF7oj6,Relaxing
24,0.238,0.138,118.183,0.0313,0.743,0.821,0.446,442480,-14.681,0.19,2TwqLvoeHpWipZn9weYv82,Relaxing
25,0.312,0.115,131.987,0.0291,0.23,0.828,0.464,393453,-13.511,0.0606,7iEocSBISqDeuKSMUdYehz,Relaxing
26,0.338,0.107,87.598,0.0539,0.793,0.872,0.379,465551,-20.472,0.249,74qWBQQvUg8UBZs47A5ju4,Relaxing
27,0.439,0.0727,149.929,0.0288,0.422,0.845,0.436,134707,-10.241,0.204,4jtD1uTTYq35r56erCd469,Relaxing
28,0.295,0.116,179.135,0.0587,0.0143,0.781,0.288,154288,-12.17,0.058,4XI9wQ7QCixGiT6WOwVATE,Relaxing
29,0.32,0.105,130.077,0.0596,0.955,0.941,0.734,202000,-12.276,0.0684,3WBzo0Tmxkfa0QxtVC9ak8,Relaxing
0,0.615,0.127,123.048,0.0898,0.189,1.2e-05,0.626,234147,-7.667,0.0795,2VP6E3tkWSbD2uHBioBDLp,Dark
1,0.577,0.334,154.975,0.0322,0.00164,0.00446,0.357,230310,-8.05,0.147,3TnGabS1ylWPNOTa2kJBDn,Dark
2,0.595,0.174,59.977,0.0332,0.176,9.11e-06,0.463,253513,-5.251,0.108,5XMYHUrX71sStmDNqJoyPZ,Dark
3,0.904,0.0433,94.481,0.0807,0.00302,0.0,0.562,158667,-4.947,0.651,3px2rAPu74ltbkf9eZsZ8h,Dark
4,0.661,0.076,142.889,0.0433,0.273,4.89e-05,0.509,211140,-4.334,0.421,0XVQTr58DZbLUcjacnTp8k,Dark
5,0.678,0.0761,134.037,0.0305,0.0281,0.0,0.565,229254,-6.776,0.284,7pFC5bvXuO0k1wrcQYlG06,Dark
6,0.551,0.0914,128.075,0.0335,0.482,0.0,0.383,260326,-6.542,0.108,6GRSgTmK2i61nsLOviQ8MJ,Dark
7,0.714,0.0683,86.926,0.0391,0.257,0.0,0.516,222414,-4.529,0.312,5UYYQuk6SjY3S892UuLXE3,Dark
8,0.486,0.0903,79.903,0.063,0.0273,0.000256,0.62,220173,-6.134,0.761,4MYl2TdloNHxQUkdQSgWcP,Dark
9,0.403,0.0662,77.032,0.0569,0.436,0.0,0.59,210274,-10.806,0.321,0ZPMI8Gnz7p6omBBIOwiO9,Dark
10,0.396,0.105,90.024,0.0286,0.0841,3.58e-05,0.732,195920,-9.348,0.548,6i0V12jOa3mr6uu4WYhUBr,Dark
11,0.786,0.65,169.021,0.317,0.255,0.0,0.502,243491,-4.378,0.739,4dASQiO1Eoo3RJvt74FtXB,Dark
12,0.562,0.209,72.945,0.03,0.175,9.17e-06,0.386,363114,-4.363,0.228,6hnhksrWAA4OYYpKRh8Oqb,Dark
13,0.789,0.214,97.52,0.0427,0.00532,0.0105,0.577,222707,-4.661,0.149,4TQcARE7Fd58akNhr3N7AE,Dark
14,0.922,0.363,132.059,0.0744,0.000247,0.388,0.617,212347,-3.474,0.6,1jq28NGw6wdtFKx8MBPy6C,Dark
15,0.957,0.0789,134.992,0.0741,0.0431,0.0,0.64,178013,-2.336,0.692,2UREu1Y8CO4jXkbvqAtP7g,Dark
16,0.652,0.108,173.008,0.0625,0.00768,6.42e-05,0.274,288036,-6.196,0.1,3Xfg7AegXaDLoD5GOUMf2e,Dark
17,0.633,0.0804,164.13,0.0682,0.00378,0.0,0.532,236907,-5.106,0.448,4iWYPj04kHXcZK0st5yzZf,Dark
18,0.872,0.318,176.025,0.0392,0.0117,0.0,0.361,172960,-4.312,0.578,7ckZ58Uo6I6nTrMs1SeimI,Dark
19,0.878,0.0771,104.026,0.0326,0.00229,0.000282,0.532,231667,-4.431,0.579,6jg3Om6ZBMKlylforWGPEC,Dark
20,0.823,0.375,129.969,0.0394,0.00187,0.0,0.59,170427,-4.606,0.571,4rBJhbvK48X8aoQbgOD71Y,Dark
21,0.819,0.0832,109.998,0.0485,0.00889,3.51e-06,0.731,222400,-5.978,0.789,50fBaxpXWE8Ul4yjo0Q5O2,Dark
22,0.439,0.122,92.017,0.065,0.135,0.0,0.742,172820,-8.598,0.826,2bfNnO1OpLCxaDR73phdMk,Dark
23,0.132,0.0617,118.758,0.0441,0.949,0.00878,0.46,175630,-17.582,0.33,2GHxtccGrufkQXi3QpQk9z,Dark
24,0.19,0.0536,132.037,0.033,0.944,0.000175,0.49,349135,-15.887,0.0777,7IjGLiUPXv5ZyPvxxnUgcM,Dark
25,0.858,0.102,176.042,0.0729,0.00359,0.0,0.393,228360,-2.868,0.56,04aAxqtGp5pv12UXAg4pkq,Dark
26,0.784,0.668,136.245,0.0627,0.106,0.000108,0.448,186813,-3.686,0.236,4G8gkOterJn0Ywt6uhqbhp,Dark
27,0.868,0.671,108.016,0.0699,0.00131,1.54e-06,0.616,189387,-3.606,0.475,3Te8uLyit6X3ncNW8Fp3K2,Dark
28,0.964,0.579,138.063,0.072,0.000539,1.57e-06,0.562,244960,-2.991,0.41,53AuxddsgPSlqM619nJhSd,Dark
29,0.964,0.579,138.063,0.072,0.000539,1.57e-06,0.562,244960,-2.991,0.41,53AuxddsgPSlqM619nJhSd,Dark
30,0.567,0.0933,90.246,0.0828,0.0584,0.0,0.617,217603,-4.188,0.505,0SuLAslEMFZAXf0SwY7syi,Dark
31,0.803,0.0861,97.967,0.186,0.102,4.15e-06,0.574,208125,-3.17,0.647,2FK1qmw8XNBqUe5CcgTVnE,Dark
32,0.652,0.0931,95.977,0.0802,0.581,0.0,0.825,233713,-3.183,0.931,7qiZfU4dY1lWllzX7mPBI3,Dark
33,0.834,0.14,135.007,0.0989,0.0232,1.14e-05,0.461,261154,-4.868,0.471,6PCUP3dWmTjcTtXY02oFdT,Dark
34,0.127,0.173,182.389,0.217,0.892,0.0,0.48,247839,-15.996,0.324,2WU4ET9r25IVZGQkWOM2UL,Dark
35,0.128,0.0858,123.498,0.0496,0.963,0.0,0.586,276067,-9.297,0.371,0zMzyHAeMvwq5CRstru1Fp,Dark
36,0.407,0.11,139.028,0.0267,0.309,0.000961,0.421,285120,-7.445,0.161,6lanRgr6wXibZr8KgzXxBl,Dark
37,0.348,0.12,74.541,0.0316,0.726,0.0,0.349,246587,-6.142,0.0886,0HZhYMZOcUzZKSFwPOti6m,Dark
38,0.755,0.103,145.319,0.0634,0.11,4.89e-06,0.463,261213,-7.244,0.252,5u0YB9bpmgEPS2bPhwfRFV,Dark
39,0.0485,0.108,137.97,0.038,0.947,0.0,0.41,173175,-13.918,0.247,6yIHGmQLJxWAUZ1ZkENemN,Dark
40,0.58,0.129,119.997,0.0399,0.223,0.0,0.731,199593,-7.328,0.319,2IO7yf562c1zLzpanal1DT,Dark
41,0.939,0.491,159.932,0.0593,0.0425,0.0,0.434,209493,-2.983,0.569,0nkzd3yNniB767zSDDdLZ3,Dark
42,0.943,0.242,94.612,0.0698,0.00721,2.06e-06,0.331,235893,-3.188,0.296,0COqiPhxzoWICwFCS4eZcp,Dark
43,0.724,0.186,127.888,0.0675,0.00876,0.0012,0.254,316813,-6.513,0.123,36ECEkodXYhLPyBHjZCEHh,Dark
44,0.941,0.802,139.68,0.0918,0.00194,0.0,0.402,219920,-3.175,0.176,5nxxe5YhgHKEAD9baPQbLd,Dark
45,0.941,0.802,139.68,0.0918,0.00194,0.0,0.402,219920,-3.175,0.176,5nxxe5YhgHKEAD9baPQbLd,Dark
46,0.467,0.0748,84.922,0.0633,0.406,0.00136,0.698,200896,-8.376,0.501,14fRrLJwF9Ca6n5SXMbs5M,Dark
47,0.713,0.0602,147.959,0.0776,0.0316,0.374,0.494,226427,-7.487,0.257,4vWeIrIQQrbThS11ogLTmu,Dark
48,0.83,0.114,170.094,0.14,0.0807,0.0,0.569,186635,-4.106,0.609,4bPQs0PHn4xbipzdPfn6du,Dark
49,0.602,0.356,134.049,0.0412,0.0529,0.0,0.664,235947,-5.369,0.289,7l94dyN2hX9c6wWcZQuOGJ,Dark
50,0.593,0.0955,69.857,0.0625,0.643,0.000109,0.138,307027,-9.562,0.181,0P4TBgExJNP8CeYzYpvGMt,Dark
51,0.13,0.0987,135.872,0.0357,0.842,0.00155,0.22,311667,-15.086,0.125,4oEL2E7VLBNTqJg8p6YSpn,Dark
52,0.272,0.11,165.87,0.0348,0.32,0.000759,0.137,284800,-10.347,0.16,2qZVVN9arDWwNVS8onFB7k,Dark
53,0.303,0.104,124.949,0.0351,0.862,0.00563,0.567,273000,-12.481,0.252,5zT5cMnMKoyruPj13TQXGx,Dark
54,0.277,0.0966,89.32,0.0323,0.698,0.0,0.389,247347,-10.757,0.125,4JuJZzGcswQszYiKJSnC6i,Dark
55,0.277,0.0966,89.32,0.0323,0.698,0.0,0.389,247347,-10.757,0.125,4JuJZzGcswQszYiKJSnC6i,Dark
56,0.466,0.135,121.741,0.0578,0.39,0.0,0.607,208321,-7.562,0.434,6OG1S805gIrH5nAQbEOPY3,Dark
57,0.482,0.223,91.994,0.351,0.211,0.0,0.77,385438,-9.529,0.441,7qfoq1JFKBUEIvhqOHzuqX,Dark
58,0.404,0.132,80.356,0.0285,0.446,0.0,0.409,259693,-6.517,0.288,4BoTrCdVPZHU4iBC0kcid7,Dark
59,0.78,0.118,124.953,0.102,0.0492,0.0,0.784,204347,-4.275,0.722,5VKSZDsidOFHrtlJb33Syo,Dark
60,0.764,0.115,148.021,0.0366,0.0717,0.0,0.516,224693,-6.223,0.376,1NhPKVLsHhFUHIOZ32QnS2,Dark
61,0.902,0.0558,100.012,0.0346,0.0591,0.000262,0.673,194240,-2.392,0.538,5Hroj5K7vLpIG4FNCRIjbP,Dark
62,0.822,0.0908,160.019,0.183,0.219,0.0,0.647,232720,-4.662,0.962,5b88tNINg4Q4nrRbrCXUmg,Dark
63,0.67,0.0601,119.988,0.0472,0.304,1.22e-06,0.818,235382,-4.451,0.939,6u0oHknFYrnUd42A6rvFly,Dark
64,0.899,0.0902,170.097,0.0846,0.0507,0.0,0.574,218973,-5.75,0.679,2e42fb37LVhtCOescNb1yN,Dark
65,0.595,0.0746,124.334,0.0504,0.8,0.0,0.515,244413,-6.76,0.704,0AmA8MQue1LBuYZSAdBMsj,Dark
66,0.815,0.338,189.773,0.0583,0.218,0.0,0.488,188724,-6.944,0.497,6obm5ubZCFaxTw44EonarI,Dark
67,0.189,0.0867,81.905,0.044,0.947,0.105,0.599,249760,-17.596,0.474,47rtdB1hBH6eRYi3ruUlCG,Dark
68,0.166,0.0959,133.482,0.0378,0.923,0.00282,0.453,317680,-14.365,0.176,16AOZtLZwnm993MAdkt61r,Dark
69,0.687,0.0783,83.176,0.136,0.53,0.0,0.284,191251,-6.731,0.331,1F5m0omiTYMzgsAVSFHNYO,Dark
70,0.821,0.0823,120.462,0.104,0.0785,0.0,0.376,199453,-3.974,0.331,1wYZZtamWTQAoj8B812uKQ,Dark
71,0.88,0.128,95.079,0.0504,0.205,0.0,0.626,202621,-2.384,0.534,08bNPGLD8AhKpnnERrAc6G,Dark
72,0.808,0.66,109.902,0.0541,0.0175,3.67e-06,0.756,264847,-3.655,0.638,7GQqj9jRtDkMp8zByehXQI,Dark
73,0.593,0.15,123.772,0.0949,0.287,0.0,0.707,329228,-8.581,0.478,3dP0pLbg9OfVwssDjp9aT0,Dark
74,0.675,0.181,119.898,0.0332,0.399,0.0,0.549,214762,-5.637,0.206,3SKzTIl9mW0DadTys9SFo3,Dark
75,0.868,0.151,83.469,0.0837,0.0082,0.0,0.408,228533,-4.438,0.387,4x3qqSA4cP49oZQXPLnDBe,Dark
76,0.826,0.11,139.846,0.0329,0.293,0.0,0.582,198875,-4.683,0.556,4c6D6IkTEpUmACruCkgfpx,Dark
77,0.579,0.108,99.745,0.0266,0.0933,0.00076,0.6,281283,-7.46,0.266,1XSoEETVRA7mteA8lA2ozh,Dark
78,0.706,0.0982,91.996,0.0458,0.0495,0.0,0.601,226143,-4.537,0.249,2WEAKylXBPr9PJNANBSTDG,Dark
79,0.689,0.192,135.178,0.274,0.24,0.0,0.494,238222,-11.177,0.39,7Jd3Ej1Xx5OTcRxUDV9rl0,Dark
80,0.7,0.11,205.714,0.0317,0.00296,0.369,0.252,282173,-5.645,0.36,3B1pNvHN70d44FzgKKzXib,Dark
81,0.675,0.106,100.501,0.0273,0.0381,0.0058,0.605,190448,-3.996,0.366,5ZLBq7F7pL9MxZWMbQbBSC,Dark
82,0.607,0.142,91.996,0.0301,0.00186,0.0,0.634,196754,-6.787,0.359,5PtdC0vcAAETHx2gt2qVGv,Dark
83,0.299,0.294,83.975,0.0297,0.295,0.00533,0.603,225347,-10.816,0.0395,1gzXHWAGYKbaHubERNp0Ox,Dark
84,0.0647,0.135,118.967,0.0467,0.967,7.75e-05,0.495,118834,-13.052,0.249,311q3StU6e78qyti2HhaS2,Dark
85,0.454,0.124,178.596,0.0339,0.592,0.0,0.279,229600,-4.393,0.212,359ofvoEja4de0XjzUL3D5,Dark
86,0.694,0.0719,97.005,0.0253,0.00281,0.0,0.63,195519,-6.257,0.216,04ZTP5KsCypmtCmQg5tH9R,Dark
87,0.862,0.179,127.992,0.0973,0.00117,0.0,0.616,234693,-5.18,0.569,5sAlmL7Qp9N9BJTADkwEt9,Dark
88,0.282,0.0976,155.831,0.031,0.772,1.5e-05,0.341,256347,-10.821,0.133,1BOtiZR5OTg7e4nHFlI3p4,Dark
89,0.608,0.118,119.985,0.0532,0.168,3.36e-06,0.444,216133,-12.175,0.354,4EaBMhUIOfnFEbIgqCfKbi,Dark
90,0.0722,0.114,46.168,0.0393,0.844,2.47e-05,0.169,342027,-19.226,0.113,5byUll2f3Zgnli3wJPoKRL,Dark
91,0.169,0.0907,132.925,0.0402,0.974,0.0585,0.215,257760,-17.88,0.0547,7LAJWSKK8JMIZAcblgUMS6,Dark
92,0.158,0.0879,75.268,0.0448,0.963,0.000126,0.267,169533,-17.346,0.116,6wXbF4Do590yIE8snBfzGi,Dark
93,0.415,0.0939,115.444,0.0443,0.729,0.0,0.463,160440,-14.067,0.233,3buDoGEwFbwS8ozgA5o3lA,Dark
94,0.265,0.134,79.012,0.0356,0.863,0.0,0.19,262533,-9.206,0.101,4UzVcXufOhGUwF56HT7b8M,Dark
95,0.868,0.229,131.964,0.0348,0.00889,0.108,0.51,183093,-3.283,0.639,76qQP4YzAtiGLxUMy9yMT5,Dark
96,0.545,0.143,175.211,0.032,0.0221,5.78e-05,0.324,305747,-5.131,0.217,7DdnAf2xjv1Wb53OPjd4cq,Dark
97,0.942,0.357,74.972,0.0628,0.00112,0.0405,0.448,221107,-2.397,0.644,3oYCCn5nNmL6TIZG22XAd8,Dark
98,0.948,0.105,196.578,0.147,0.0104,0.0,0.185,207587,-3.892,0.316,1Q2fYlSdwuutWj3QplhY9q,Dark
99,0.841,0.267,183.17,0.146,0.00582,0.00771,0.289,208134,-4.33,0.399,0NBAXi7pWtoiLo7oomWBKw,Dark
0,0.753,0.268,156.241,0.238,0.081,2.85e-06,0.49,217626,-5.411,0.325,5oyCruHORvRI8UEh9xVyam,Dark
1,0.712,0.236,130.144,0.0678,0.0706,0.0,0.786,180231,-5.349,0.795,6n2eIfLj0wOOUkUfNmYzlh,Dark
2,0.693,0.523,79.963,0.0264,0.0224,0.0,0.547,181868,-6.404,0.716,2NPHU2WJaI3rrtCNNuQ8L1,Dark
3,0.558,0.0924,58.748,0.286,0.0234,0.000358,0.432,212093,-6.843,0.46,3nH3Gtm9GQVfiaYDr4AXji,Dark
4,0.307,0.0792,67.513,0.0428,0.807,0.000355,0.576,189613,-12.732,0.157,2VlLbhGLVJgdOW7kKdWWFc,Dark
5,0.789,0.214,97.52,0.0427,0.00532,0.0105,0.577,222707,-4.661,0.149,4TQcARE7Fd58akNhr3N7AE,Dark
6,0.0111,0.112,83.735,0.0337,0.845,0.000881,0.195,103025,-31.641,0.3,3AAwJ043uT1wXSKDtGyuxF,Dark
7,0.288,0.0889,174.166,0.0389,0.917,1.89e-05,0.166,179840,-12.45,0.0748,3jMy7ITBiLgVwC15RBK9Hp,Dark
8,0.067,0.0802,126.68,0.0433,0.991,0.000362,0.423,247472,-18.604,0.438,1APw3y3PHlXdFkwExlORi0,Dark
9,0.706,0.426,74.972,0.115,0.0603,2.75e-06,0.673,247608,-8.4,0.516,7wOqBOryVGD3nqDUihDSwL,Dark
10,0.86,0.099,122.994,0.0745,0.135,0.0,0.644,226341,-3.966,0.477,6MyFzWJv92xEZV3xt3us2D,Dark
11,0.453,0.172,84.992,0.0439,0.461,0.069,0.69,258353,-9.312,0.348,21a1k8q3DJtsF8GorRfcL8,Dark
12,0.449,0.144,135.85,0.0314,0.732,0.0,0.338,309120,-5.766,0.247,6gHhznGj46TYIiEqjDLu2L,Dark
13,0.268,0.484,130.494,0.0409,0.826,0.0,0.491,199200,-10.347,0.342,2IfIIu4v91BXJxspBlISbv,Dark
14,0.153,0.117,168.938,0.0708,0.874,0.0,0.465,357154,-8.85,0.262,6XmOSwXQGSOFNOL82jei5L,Dark
15,0.363,0.0961,135.956,0.0328,0.897,0.0,0.533,222794,-7.626,0.198,5e6Mukej16riHefBUXzg9o,Dark
16,0.928,0.0793,95.059,0.0939,0.00123,0.0,0.644,189910,-2.966,0.571,5FgdPkPCffPktT5qnWls8Y,Dark
17,0.84,0.0534,89.904,0.0525,0.051,0.0,0.452,192261,-4.667,0.595,5Ebf2XXkYOd7zylJuXfVui,Dark
18,0.51,0.394,109.016,0.036,0.245,3.72e-05,0.641,211947,-6.669,0.315,2ztgrVjv7SfTUtk8iNKwFq,Dark
19,0.425,0.0666,145.048,0.0417,0.269,4.96e-06,0.402,278169,-6.987,0.316,5EB8VcvjvNC8YSw3fZb7eP,Dark
20,0.562,0.118,74.994,0.0874,0.0767,3.23e-06,0.611,204827,-7.849,0.318,0xx5CXMss5CFv2GPkg97aC,Dark
21,0.726,0.273,119.994,0.031,0.335,0.0,0.625,138800,-2.144,0.559,4ClnJdCaf6PLeLgStqb1e9,Dark
22,0.127,0.0736,127.577,0.0554,0.953,1.39e-06,0.489,300632,-12.14,0.175,3CqMuOh8kuc4hrHZrvuDBc,Dark
23,0.477,0.11,120.04,0.0311,0.026,4.84e-05,0.512,240775,-9.912,0.174,3BuFzaaIPQHAFqPubPzcIO,Dark
24,0.472,0.103,150.032,0.0651,0.332,0.0,0.653,257889,-9.525,0.434,5ZlShfBTtczvXB6ksyYOEE,Dark
25,0.721,0.381,116.908,0.0582,0.103,0.000354,0.758,180197,-6.291,0.728,6Jb7UPWUXDOrgdI0XnBSp5,Dark
26,0.377,0.105,78.702,0.031,0.752,0.0,0.521,232240,-7.768,0.333,2v1eE7NJy08YJ9jsMhI47v,Dark
27,0.571,0.0946,129.959,0.0327,0.25,0.0,0.626,277623,-7.461,0.164,16w8ZGVSjI4TlTLV8VimBY,Dark
28,0.854,0.124,120.274,0.463,0.0169,0.0,0.596,203418,-5.114,0.152,2iUXsYOEPhVqEBwsqP70rE,Dark
29,0.577,0.334,154.975,0.0322,0.00164,0.00446,0.357,230310,-8.05,0.147,3TnGabS1ylWPNOTa2kJBDn,Dark
30,0.629,0.0658,141.983,0.0469,0.0187,4.12e-05,0.39,231667,-4.876,0.162,0LSzBkkQZZkwV656r6etLg,Dark
31,0.552,0.147,75.235,0.196,0.479,0.127,0.697,180567,-10.271,0.278,6vsV4D8BM6PioRr1UOx0n2,Dark
32,0.656,0.347,128.003,0.0383,0.437,0.0,0.685,229986,-6.013,0.392,0IK8y0vAO0sM630HsxwLht,Dark
33,0.663,0.139,85.967,0.042,0.237,0.000194,0.606,277867,-6.175,0.201,1OBrEfDbOdV0v0L0iiOu8h,Dark
34,0.675,0.181,119.898,0.0332,0.399,0.0,0.549,214762,-5.637,0.206,3SKzTIl9mW0DadTys9SFo3,Dark
35,0.426,0.099,97.91,0.0736,0.152,5.65e-06,0.495,237773,-9.434,0.0636,7uUahoeqGNRMbpdeiLj1rS,Dark
36,0.56,0.0948,75.003,0.179,0.185,0.0,0.704,207109,-6.791,0.609,3WefHNGtjexZvi66ZEx9u4,Dark
37,0.44,0.163,133.013,0.166,0.364,0.0,0.719,196341,-6.266,0.505,1jfBIylYmLMklQOpbWT5s0,Dark
38,0.429,0.122,146.054,0.033,0.103,2.59e-06,0.338,166315,-8.517,0.167,4osqCEZCWttWdR9nFZ9c82,Dark
39,0.787,0.431,139.958,0.0308,0.000541,0.0,0.676,198857,-7.453,0.499,6TqoydI7ZJdRkwBgPYy7eb,Dark
40,0.928,0.315,119.961,0.0977,0.0887,0.0,0.583,216646,-4.981,0.327,32TXoSo4OE7db1yb8V11sp,Dark
41,0.558,0.676,73.552,0.337,0.459,2.81e-06,0.323,270511,-5.292,0.199,5lJH3o6AFW9Aig1CdRdAF1,Dark
42,0.891,0.107,113.995,0.277,0.101,0.0,0.369,191579,-3.823,0.405,1WIE72Hc7vZPxGtZc2SvxZ,Dark
43,0.866,0.117,91.896,0.0659,0.183,0.0,0.585,204504,-3.744,0.533,04HywTwgGtbATUROKD5Ata,Dark
44,0.738,0.113,129.04,0.0406,0.0018,0.00696,0.716,191180,-6.347,0.349,36pwoWh6xqOShF8X6AZmzQ,Dark
45,0.592,0.0611,137.073,0.0551,0.127,9.46e-05,0.867,184380,-5.105,0.908,1d4KILXseHFJws0vA8fv2U,Dark
46,0.377,0.123,137.998,0.0941,0.631,0.0,0.779,229813,-8.139,0.473,2I53CcJAgw6NMOSzz1yl6G,Dark
47,0.683,0.122,160.024,0.184,0.658,0.0,0.422,232176,-5.467,0.608,2KdYwQDq2yZnDyHjmoGCZj,Dark
48,0.773,0.179,94.997,0.0792,0.0598,0.0,0.722,179147,-4.378,0.724,6h3lMAmmpQDFqoHk9F99IR,Dark
49,0.867,0.102,129.958,0.0583,0.299,0.0,0.699,180923,-3.682,0.434,4c9sh9GPA7YOEOSTQaqbx9,Dark
50,0.946,0.0825,139.943,0.261,0.094,6.63e-05,0.716,200571,-3.412,0.587,6KigD0mlF4VGDYiSEzAyYw,Dark
51,0.538,0.0713,128.689,0.0372,0.0207,0.0,0.56,242169,-6.314,0.3,44bMFbdWch2Xrn9UvtAm32,Dark
52,0.769,0.108,170.036,0.0872,0.0183,0.0,0.566,191100,-4.342,0.385,5sbooPcNgIE22DwO0VNGUJ,Dark
53,0.356,0.112,77.494,0.0666,0.24,0.0,0.707,188903,-8.055,0.289,15ovdsgjewStR3iv6PJKeP,Dark
54,0.849,0.109,144.949,0.0491,0.296,0.0672,0.54,180414,-2.918,0.296,070RcZwxEikUhjIK4xs0FF,Dark
55,0.362,0.108,144.959,0.17,0.294,0.000227,0.837,165155,-10.896,0.294,6fSFLIgti1xISBDF50zZEY,Dark
56,0.442,0.254,129.232,0.506,0.323,0.0,0.607,166298,-8.0,0.424,2Gx0BeFccz151BzK5t8ncG,Dark
57,0.944,0.133,165.031,0.059,0.0188,0.76,0.562,261871,-3.887,0.293,5jH7jNvPvftFzK7Om95wWf,Dark
58,0.643,0.101,130.081,0.0485,0.214,3.22e-06,0.51,270453,-6.602,0.0397,5DHQKZCOZhGNTbYBCekWx0,Dark
59,0.649,0.12,112.482,0.0385,0.655,2.82e-06,0.416,188851,-5.271,0.474,2W0AJEbIC2vdZTV2nVSAsg,Dark
60,0.718,0.147,80.031,0.0459,0.243,0.0,0.587,216706,-5.293,0.678,2wacARzd32BJTMdltdUSKc,Dark
61,0.0519,0.097,76.034,0.0365,0.562,0.0,0.633,300747,-21.107,0.204,1fu5IQSRgPxJL2OTP7FVLW,Dark
62,0.463,0.187,83.931,0.0402,0.0186,0.0,0.617,160444,-7.978,0.24,53b4d9jHQZq89EtQxwUURr,Dark
63,0.556,0.166,100.045,0.0338,0.0197,0.000468,0.565,158400,-7.763,0.159,4YIP6Fo4UXUimnsdYKLqXy,Dark
64,0.353,0.309,74.993,0.0715,0.807,0.000603,0.676,236119,-7.923,0.414,6aF0hjxznYqUNbwErQttdn,Dark
65,0.414,0.0584,149.949,0.204,0.552,2.05e-05,0.6,289600,-10.179,0.364,5wE12WDUvty3rLhI19CZNF,Dark
66,0.74,0.106,182.105,0.274,0.14,0.0,0.655,202221,-4.081,0.543,0EGuSSpuu9wmHCtvb4PdLO,Dark
67,0.839,0.268,148.401,0.238,0.0595,2.59e-06,0.592,312200,-7.197,0.569,575RK5IvYKYgT8rTgDVrZm,Dark
68,0.312,0.241,96.102,0.0546,0.889,0.0,0.464,132453,-7.121,0.483,0fwTTluhLNsJOY72Hr3JXw,Dark
69,0.368,0.0882,66.996,0.0291,0.598,0.0,0.517,206493,-5.72,0.368,2czTwBUyZHzWXS06IzED4N,Dark
70,0.642,0.0335,120.063,0.0506,0.103,0.0,0.745,186520,-4.138,0.35,4fkM7M4Uo5AUASnnsRC7EZ,Dark
71,0.754,0.104,132.964,0.0329,0.0248,0.00019,0.573,231587,-4.788,0.241,6AvslIXIi9iaGvukefyVVK,Dark
72,0.429,0.106,164.089,0.0488,0.42,0.0,0.577,182195,-6.129,0.361,1xdzPs8nOWHtcCBZNTMAi2,Dark
73,0.345,0.131,124.013,0.0294,0.782,0.0,0.585,241307,-8.257,0.176,4lhB7w6C5o1Oxqvl0nLxYD,Dark
74,0.556,0.184,157.883,0.0329,0.186,1.89e-06,0.315,251235,-4.679,0.291,2TwPS8vPh7ffcLhee3ocjA,Dark
75,0.942,0.372,90.974,0.266,0.0516,4.95e-06,0.561,260065,-3.384,0.55,66WHHa2c6evCPVBvlblI2D,Dark
76,0.277,0.0966,89.32,0.0323,0.698,0.0,0.389,247347,-10.757,0.125,4JuJZzGcswQszYiKJSnC6i,Dark
77,0.622,0.114,141.205,0.0557,0.00197,0.000467,0.504,211213,-5.649,0.108,67ejyJ02NkUc7eZzab3imz,Dark
78,0.362,0.13,70.751,0.0829,0.69,0.156,0.447,121600,-6.34,0.414,2C3v5PvRkyYZcGAH8Sao7E,Dark
79,0.621,0.208,104.002,0.0311,0.00105,9.51e-05,0.59,221721,-8.987,0.53,6PUJGZFdU710GXZKBjkybw,Dark
80,0.178,0.0985,149.879,0.0541,0.614,0.14,0.532,181467,-9.754,0.103,6MiVIH3fQlmz44jGx2DXn4,Dark
81,0.396,0.315,99.112,0.189,0.702,0.405,0.391,131272,-8.621,0.199,7MiZjKawmXTsTNePyTfPyL,Dark
82,0.425,0.346,74.999,0.0529,0.418,0.0747,0.655,196400,-5.683,0.0725,7t5MhyF0qJ7wZWwqPDznvx,Dark
83,0.449,0.0681,95.04,0.0277,0.653,0.0,0.586,191533,-7.729,0.19,4mz7WAJCJz7QbXsFA2WoXK,Dark
84,0.646,0.126,97.864,0.13,0.276,0.0,0.64,189185,-6.161,0.37,1BdjQ2Xd8y4FoHXLP52AhC,Dark
85,0.344,0.173,104.743,0.0274,0.693,2.38e-06,0.485,207773,-7.079,0.159,2ENsdUaclrm1CVWTeJqKvG,Dark
86,0.691,0.62,124.981,0.0516,0.215,0.0,0.778,171476,-7.229,0.774,3mVdViZTsfFBF8vWxhNnAX,Dark
87,0.724,0.183,171.971,0.044,0.387,6.75e-06,0.615,178605,-4.547,0.377,59nb3KTZVNnlhqijf4d0Gs,Dark
88,0.619,0.101,169.865,0.151,0.126,0.0,0.667,198907,-4.933,0.427,6RjW45KHJ6kgI2xQ1aFa52,Dark
89,0.698,0.262,143.983,0.0555,0.189,0.0,0.75,206187,-4.943,0.602,11z8f8BH1WdIlFI9TNQ9mc,Dark
90,0.656,0.353,130.089,0.0435,0.0737,0.0,0.682,183027,-4.67,0.607,0uUNN1nSoUx1A4fkDCWDQ7,Dark
91,0.51,0.0755,111.893,0.275,0.228,0.0,0.477,194204,-8.94,0.477,2jRISGsO4RTm9CQVb1Jusn,Dark
92,0.714,0.179,147.997,0.121,0.312,0.0,0.662,212120,-5.68,0.464,52okn5MNA47tk87PeZJLEL,Dark
93,0.493,0.0829,121.904,0.0383,0.399,0.0,0.58,187653,-3.53,0.256,3XhlY1x0LcIyHpZJB1g6WS,Dark
94,0.62,0.105,184.047,0.0322,0.0165,0.0,0.439,193347,-4.386,0.453,0vQzBcu9L8wrYv85aEhHsr,Dark
95,0.526,0.0675,85.024,0.0251,0.0724,0.0,0.512,226330,-5.44,0.249,05CrK6Q5VGtfPDtyQFJ4Kf,Dark
96,0.785,0.168,87.872,0.294,0.245,0.0,0.493,183827,-4.092,0.264,0djL9IcG5ppLXOwJ5e14oP,Dark
97,0.804,0.112,76.494,0.225,0.0202,2.87e-05,0.561,194510,-4.682,0.401,5wKdF1lpNY75uA1uTQof55,Dark
98,0.484,0.123,150.029,0.146,0.374,0.0,0.728,164800,-7.098,0.692,3zOgfB6xNtU0vaV38kthWk,Dark
99,0.611,0.0812,100.0,0.0409,0.217,0.0,0.704,189467,-6.112,0.22,2FY7b99s15jUprqC0M5NCT,Dark
0,0.786,0.208,172.085,0.0708,0.00753,0.0,0.496,207907,-6.037,0.155,4j0l86d96e5OUXaeMzIAzq,Aggressive
1,0.927,0.357,94.961,0.237,0.0305,0.0,0.805,238173,-2.339,0.746,5NqQXBoJUEBVJUV57wiqim,Aggressive
2,0.783,0.216,87.154,0.138,0.00353,0.0,0.603,180333,-6.891,0.182,422lAAWQO9TqL1LxIPdhOn,Aggressive
3,0.847,0.0816,171.447,0.186,0.0622,0.0,0.548,297787,-3.237,0.1,4xkOaSrkexMciUUogZKVTS,Aggressive
4,0.737,0.34,90.521,0.185,0.133,0.0,0.637,223190,-2.875,0.101,4WVPpEGS7FX6TVkV0pHskN,Aggressive
5,0.943,0.246,81.58,0.349,0.394,0.0,0.661,162717,-2.155,0.833,1CmVAFQMwKfIOht1KYSNQR,Aggressive
6,0.888,0.0814,133.91,0.307,0.116,0.0,0.662,264229,-3.087,0.264,4iHfb6fKkrPsUqZtnZ1wTc,Aggressive
7,0.777,0.227,96.986,0.094,0.00323,0.0,0.642,214400,-4.809,0.413,3zmduBNsQ6BPDTZAkXzG5K,Aggressive
8,0.835,0.0795,84.858,0.0911,0.0583,2.87e-06,0.688,230493,-4.162,0.88,6ndmKwWqMozN2tcZqzCX4K,Aggressive
9,0.881,0.267,74.965,0.171,0.549,0.0,0.633,176488,-3.526,0.571,7qK3sX9MNReAgUQ6jdTAWC,Aggressive
10,0.946,0.0825,139.943,0.261,0.094,6.63e-05,0.716,200571,-3.412,0.587,6KigD0mlF4VGDYiSEzAyYw,Aggressive
11,0.714,0.08,88.449,0.0609,0.0381,0.0,0.595,325333,-5.705,0.141,0Cw5iiA8OHWIhuIIA8u8N5,Aggressive
12,0.765,0.39,84.94,0.291,0.169,0.0,0.698,216000,-4.562,0.589,6xbZaeFj8BPE3HGXF7VVjX,Aggressive
13,0.836,0.103,165.902,0.32,0.226,0.0,0.709,189416,-5.55,0.706,5aZceoAnPoEdxwFaim3jqf,Aggressive
14,0.932,0.425,112.49,0.0485,0.00154,0.000142,0.554,242280,-3.424,0.478,1vcxF91pWs9uNwDROuiCPB,Aggressive
15,0.94,0.0759,134.876,0.0528,0.00369,0.0,0.387,238573,-4.16,0.444,5sG3G54H21hNfd5etlheoe,Aggressive
16,0.975,0.112,154.486,0.0779,0.000578,1.42e-05,0.407,234787,-3.176,0.564,0wHNrrefyaeVewm4NxjxrX,Aggressive
17,0.815,0.174,165.015,0.0755,0.0111,0.0,0.596,206567,-5.668,0.459,7zBQRGpYImAdIZc97FNj3V,Aggressive
18,0.793,0.582,107.045,0.166,0.0603,0.0,0.687,205733,-4.254,0.751,5sNESr6pQfIhL3krM8CtZn,Aggressive
19,0.871,0.246,119.149,0.281,0.0388,0.0,0.615,249560,-3.804,0.338,2c5Isyd07hWsl7AQia2Dig,Aggressive
20,0.83,0.325,118.332,0.475,0.296,0.0,0.581,241827,-7.032,0.52,5KUiLOgwUB2Y8dzTBv8j7R,Aggressive
21,0.899,0.0719,95.027,0.183,0.0135,0.0,0.761,217587,-3.09,0.673,1zzxoZVylsna2BQB65Ppcb,Aggressive
22,0.637,0.0822,164.069,0.0812,0.00402,0.0,0.532,236898,-5.145,0.445,4m5FMVGO6GELhcL0byhQj9,Aggressive
23,0.721,0.824,117.139,0.386,0.062,0.0,0.536,191942,-6.44,0.393,61QSuw5VlC0LTS8WMO356g,Aggressive
24,0.7,0.0895,172.103,0.0411,4.55e-05,0.0188,0.477,203840,-10.173,0.62,1drGUJR281HSpGvXIJVBzx,Aggressive
25,0.844,0.117,142.011,0.209,0.28,0.0,0.768,160084,-6.044,0.37,23SOLLrMMW31ebUFfuGNW6,Aggressive
26,0.826,0.266,145.983,0.159,0.046,0.0,0.77,239962,-4.615,0.462,0WwrwEmAXGy6keX7noxBYO,Aggressive
27,0.889,0.446,82.918,0.317,0.0922,0.0,0.405,229480,-3.303,0.338,2sYUGgzQfHQ6lOWzbrny8Z,Aggressive
28,0.765,0.376,151.073,0.245,0.227,0.0,0.66,208600,-7.121,0.771,39SQnz9u6zd91nZdaPmmJK,Aggressive
29,0.943,0.261,163.128,0.106,0.0138,0.0,0.512,265053,-5.185,0.485,4U0p10TUdRyhQ06ZqGAtxx,Aggressive
30,0.902,0.0797,103.014,0.152,0.194,0.0,0.698,207773,-6.488,0.552,0d9iRVkb4ugBrAxR83PplQ,Aggressive
31,0.538,0.0928,160.075,0.0918,0.0483,0.401,0.649,150000,-9.793,0.355,46eK1kembooWblMi7M7yLM,Aggressive
32,0.845,0.363,152.057,0.0524,0.169,0.0145,0.721,232105,-3.996,0.486,1ZbJScG0Dr74y1hvgDneYm,Aggressive
33,0.702,0.0948,136.0,0.195,0.0925,0.0,0.806,185294,-7.578,0.101,48KQyOEsDflKNbt4yq6HgY,Aggressive
34,0.613,0.11,95.96,0.277,0.245,0.0,0.712,235000,-8.512,0.381,0Y2EhhpZTKChZNerxIt6T9,Aggressive
35,0.861,0.317,179.815,0.383,0.00172,0.0,0.571,282027,-2.696,0.372,66ezChUOWvgzRQAi3Ay1wt,Aggressive
36,0.887,0.0657,104.025,0.0323,0.00264,0.000502,0.531,231665,-4.417,0.621,67EfIBpKlV37lSIDOs77AN,Aggressive
37,0.943,0.246,81.58,0.349,0.394,0.0,0.661,162717,-2.155,0.833,4Sm888rZ1MKAGO6uIKL2xl,Aggressive
38,0.905,0.222,96.95,0.0752,0.000289,0.00011,0.217,311107,-4.103,0.236,5wQnmLuC1W7ATsArWACrgW,Aggressive
39,0.545,0.107,134.043,0.102,0.339,0.0,0.597,250558,-6.956,0.344,0FsPxILNGMIKCb9OACFNt6,Aggressive
40,0.978,0.117,87.016,0.0801,0.00189,1.36e-06,0.489,274387,-2.123,0.237,5txqGXUFEWkbPHE1NznsWe,Aggressive
41,0.966,0.765,94.131,0.323,0.0562,0.0,0.473,232680,-1.953,0.512,2iP3AaNoQLvwDZ3sxPfRVI,Aggressive
42,0.89,0.201,90.598,0.0603,0.000481,0.00082,0.589,199907,-3.719,0.692,5W8YXBz9MTIDyrpYaCg2Ky,Aggressive
43,0.947,0.888,143.991,0.218,0.0252,0.0,0.596,279373,-4.514,0.555,2fWSwWmKRuyioqIzOzuQGo,Aggressive
44,0.712,0.0873,92.486,0.161,0.0903,0.0,0.855,231573,-6.17,0.557,4EcF55fGcfwbZhGM7K1yLA,Aggressive
45,0.929,0.145,174.044,0.33,0.0164,5.12e-06,0.644,235580,-2.184,0.732,7rPKz7NSruuRmD4gss2qwY,Aggressive
46,0.67,0.35,95.413,0.0449,0.00253,0.0119,0.674,223253,-6.36,0.237,7Kho8NahTcrqnCK5IZGwJb,Aggressive
47,0.931,0.5,201.936,0.347,0.0738,0.0,0.51,268867,-3.302,0.53,0LWkaEyQRkF0XAms8Bg1fC,Aggressive
48,0.834,0.4,135.974,0.0366,7.54e-05,0.0,0.523,218454,-5.133,0.559,333nLXIkj5thGuWvIymETt,Aggressive
49,0.889,0.469,130.07,0.0431,0.0166,0.0,0.612,200538,-5.793,0.442,3vTweVhyRgJIjthsLnynQs,Aggressive
50,0.741,0.217,168.02,0.0408,0.00293,1.2e-05,0.651,232773,-5.067,0.386,4IXiFMhtXEbSEG8UoAeTwD,Aggressive
51,0.864,0.0957,85.475,0.133,0.0116,0.0,0.767,257907,-1.847,0.747,1pLQoF3VeG6KwNJRys3eq3,Aggressive
52,0.83,0.173,100.039,0.0751,0.00882,0.00248,0.789,206400,-4.183,0.443,5qBcafzXycpvGKiKCfTQjd,Aggressive
53,0.854,0.377,105.1,0.133,0.247,0.0,0.827,176000,-3.508,0.462,2SxaA6dhE2lEP1faOFPCu8,Aggressive
54,0.95,0.272,191.936,0.26,0.00105,3.63e-05,0.431,158733,-4.918,0.56,0jqK7sGTLsHPkQrrcrGuKD,Aggressive
55,0.984,0.044,104.345,0.0626,0.00052,2.48e-06,0.572,165173,-3.847,0.524,7ycK2uijskzxp4cGpGNoCi,Aggressive
56,0.899,0.313,175.937,0.0491,0.000811,0.0,0.391,209667,-4.105,0.539,4lUHxbFilSwlkl52me8x1W,Aggressive
57,0.77,0.0887,137.616,0.0353,0.00342,0.0,0.654,321293,-6.091,0.272,5dANgSy7v091dhiPnEXNrf,Aggressive
58,0.93,0.152,154.946,0.0474,0.00137,0.0,0.509,149640,-2.689,0.783,2ZICF8SFI5tHttaLJKMY1X,Aggressive
59,0.963,0.448,108.724,0.125,0.00319,0.0,0.371,242990,-2.85,0.371,6l78mUZ86r0NrfRgni0LuM,Aggressive
60,0.811,0.0677,123.048,0.0431,0.00105,2.08e-06,0.71,199200,-4.079,0.914,3jUTjCISntIUFL8jnAjzgc,Aggressive
61,0.951,0.14,99.116,0.0498,0.00058,0.00165,0.536,205333,-4.126,0.491,0V5lmry5Citfw2drBNpEMy,Aggressive
62,0.551,0.0674,189.698,0.326,0.000705,0.824,0.432,227394,-7.922,0.526,28Fn2CkqbzXYC5PSkh0k91,Aggressive
63,0.928,0.12,109.996,0.0515,0.282,0.00147,0.729,194182,-4.279,0.322,4VZH6OfxPy1nNE7KbtVKyK,Aggressive
64,0.941,0.31,156.033,0.0575,0.000526,3.5e-06,0.483,232067,-3.598,0.503,5O9Dz0h08LuBi0aVvDcylh,Aggressive
65,0.981,0.411,104.471,0.124,0.000593,3.66e-06,0.523,229773,-3.865,0.449,3mSZz9k6TzRpin74YEipgV,Aggressive
66,0.896,0.189,184.981,0.117,0.000172,2.78e-06,0.492,285570,-5.819,0.534,1AEYT6VxrxXPMoQUxsY0E4,Aggressive
67,0.873,0.52,198.387,0.0567,0.00105,0.0,0.306,186373,-3.668,0.452,6gPd6brcBXlbGdy1obe234,Aggressive
68,0.983,0.294,103.096,0.0721,7.29e-05,0.0,0.402,175053,-3.816,0.363,6Lah64e21cUytn0QXfuOoF,Aggressive
69,0.936,0.262,120.004,0.167,0.206,0.0,0.884,236501,-3.931,0.758,4h7qcXBtaOJnmrapxoWxGf,Aggressive
70,0.967,0.336,142.018,0.0995,0.00791,0.0,0.533,186813,-2.543,0.782,0sdeLSxygcjyMyWPhZBdFs,Aggressive
71,0.754,0.0919,88.971,0.0255,0.00749,0.0,0.614,215440,-3.866,0.672,0vps0wYg8udCkEQ2EYkQRg,Aggressive
72,0.767,0.144,140.138,0.123,0.243,4.05e-05,0.615,291429,-6.066,0.299,6S7XekjbMtUQxhgySaIK8W,Aggressive
73,0.974,0.0932,102.043,0.0696,0.000385,1.8e-05,0.535,238379,-4.085,0.378,0X0wvZuhTcTU03Roz9fPJA,Aggressive
74,0.928,0.177,185.104,0.0724,0.036,0.0,0.342,178373,-3.569,0.283,3OZ0YmANXXnladoGzqAml2,Aggressive
75,0.962,0.065,164.032,0.0831,0.00901,0.0,0.452,208827,-3.063,0.566,4Ahphc0UzRSoMpJRHgnGQK,Aggressive
76,0.953,0.281,172.063,0.0704,0.0106,0.0,0.445,225280,-2.463,0.475,2jfk3m8nq5IvB35s2xIs1O,Aggressive
77,0.972,0.213,74.99,0.196,0.000994,0.0,0.498,201340,-3.443,0.334,5HDG2PPLki6wowJvZbAH9d,Aggressive
78,0.93,0.307,126.039,0.0396,1.17e-05,0.0,0.492,175603,-3.826,0.431,0UOtF2ojhKGYEjvZ28ZA6d,Aggressive
79,0.789,0.619,91.189,0.275,0.16,0.0,0.593,285453,-4.48,0.58,79t5idiRhbDB1oLaVcTVsD,Aggressive
80,0.939,0.491,159.932,0.0593,0.0425,0.0,0.434,209493,-2.983,0.569,0KCr0VngtbPhpbngIIfiLW,Aggressive
81,0.76,0.0955,182.071,0.129,0.0357,0.0448,0.34,233593,-7.753,0.0381,6E7mneOYKKKFivxPHeRWE7,Aggressive
82,0.921,0.262,107.049,0.118,5.08e-05,1.47e-06,0.539,238213,-2.688,0.232,6xrqktHyZEDvPJSEsxuwYz,Aggressive
83,0.626,0.112,129.996,0.0332,0.0135,0.0,0.726,287073,-8.884,0.634,5UDIJbA6a3epCgntdODPCl,Aggressive
0,0.726,0.0976,139.059,0.282,0.259,0.0,0.763,126346,-6.405,0.349,7floNISpH8VF4z4459Qo18,Aggressive
1,0.826,0.252,112.865,0.311,0.095,3.42e-06,0.493,189974,-3.106,0.75,6R0GRYk2vs2XuBVemYK5YZ,Aggressive
2,0.805,0.139,150.021,0.101,0.161,1.69e-06,0.668,166624,-4.964,0.31,1T5mVPJE6LilJ7f73L3UDo,Aggressive
3,0.549,0.0719,109.998,0.0672,0.00572,0.335,0.796,169320,-6.285,0.0479,0LX4f8NnYnGxuryfP1MtJf,Aggressive
4,0.486,0.12,108.985,0.0912,0.173,0.0,0.815,141846,-8.733,0.161,0cbTAd02EwRloIIOjTTCDC,Aggressive
5,0.286,0.0681,120.06,0.352,0.0125,1.69e-06,0.843,146064,-10.575,0.265,4UUFTQKwwId0n1P9t4ZQhx,Aggressive
6,0.335,0.0677,119.98,0.379,0.0387,0.0,0.88,210129,-9.757,0.214,33OG3eJX77UAcaTzQa0xIu,Aggressive
7,0.698,0.205,153.124,0.469,0.145,0.0,0.635,286440,-8.242,0.53,4cr3qfdLz6co4iwSomOYw5,Aggressive
8,0.695,0.107,128.063,0.26,0.0179,0.0,0.755,101851,-5.963,0.493,3WUa9TpHDoRGeChKDRRUqv,Aggressive
9,0.853,0.116,102.034,0.304,0.205,0.0,0.714,220656,-4.9,0.178,3IIArPxV2jUXk2zTKbzCVx,Aggressive
10,0.789,0.378,119.999,0.0383,0.0304,0.0,0.803,106021,-3.434,0.647,1rsAFUCa6BVMgRQ3FCQQsi,Aggressive
11,0.366,0.0964,122.991,0.136,0.0214,0.0,0.793,159522,-10.051,0.278,2INqEk4ko5AsGVLBsiKiQe,Aggressive
12,0.761,0.334,149.97,0.104,0.0111,0.00359,0.825,163371,-5.389,0.161,5o7ZDvfOry1MNhNLBOJulo,Aggressive
13,0.813,0.0801,122.984,0.27,0.0624,1.23e-06,0.938,90747,-6.872,0.73,2gfKNyAHI4MBwBkkP3hXCE,Aggressive
14,0.659,0.11,156.004,0.268,0.000856,8.17e-06,0.681,173294,-6.405,0.225,7uuBfgY1vBCalrQRyyQhqs,Aggressive
15,0.925,0.287,137.989,0.311,0.244,0.0,0.717,212245,-4.246,0.412,3STThGLjuFSaoseZvWupmx,Aggressive
16,0.553,0.383,121.968,0.0735,0.201,0.000233,0.781,135497,-4.277,0.308,1fEl5TPKRJAsuP6TqZ23hB,Aggressive
17,0.92,0.425,119.984,0.0449,0.18,0.00152,0.822,116053,-2.031,0.33,1d1CEnqzJk3f7nooWfdefu,Aggressive
18,0.963,0.309,149.987,0.288,0.00498,0.0,0.646,121913,-0.092,0.539,78EDmwVdZzp6vTl3hVWzpW,Aggressive
19,0.45,0.117,92.974,0.0311,0.0776,0.000217,0.625,206472,-9.985,0.0362,7Cye3UbCA6UNuDykdCf3AB,Aggressive
20,0.735,0.115,119.994,0.171,0.00454,0.0828,0.81,192000,-4.522,0.134,5VphpldmtVyZH6S8RpHWLT,Aggressive
21,0.526,0.111,131.942,0.083,0.004,3.34e-06,0.839,126171,-5.87,0.158,2HIyiTyHaweHWBTC3jIMjp,Aggressive
22,0.848,0.145,120.977,0.0955,0.0299,1.23e-06,0.663,168673,-4.03,0.326,0BiKFgl8a6UZvJhv8v0tCb,Aggressive
23,0.585,0.0959,139.968,0.288,0.248,0.0115,0.81,137107,-7.037,0.281,4zIMuGSdbGTahvHB7CloVR,Aggressive
24,0.772,0.399,130.32,0.317,0.0212,0.0,0.473,307905,-6.332,0.303,44AH8XwgrebHvQAZJbSrsV,Aggressive
25,0.233,0.0817,134.956,0.603,0.242,0.0,0.878,128669,-11.311,0.135,6IgtGf4ZmG3OPLmE1PFXrr,Aggressive
26,0.775,0.129,157.036,0.172,0.0553,0.0,0.66,157643,-4.926,0.635,2vjmyyAnDUzilFYxOlTdO1,Aggressive
27,0.631,0.221,182.389,0.476,0.184,0.0,0.755,142582,-4.485,0.198,5NT0aZqWImC9fTzkW4z48o,Aggressive
28,0.857,0.4,187.985,0.299,0.0321,0.0,0.599,151915,-5.7,0.469,0zl3PdjIl320fK0pxBGWNR,Aggressive
29,0.895,0.32,119.904,0.136,0.0505,0.00423,0.585,193567,-3.663,0.181,7Cq27Qc3WRyQ3ddwVslpVZ,Aggressive
30,0.581,0.379,116.988,0.269,0.104,0.0,0.808,210387,-8.793,0.722,3xFqnmy3DltBMTOQVL2xvS,Aggressive
31,0.514,0.115,120.011,0.0449,0.0336,0.000164,0.694,142000,-11.063,0.136,3MAfAtD9lKvugbWzaz21LS,Aggressive
32,0.446,0.121,115.039,0.0612,0.0303,1.75e-05,0.973,135340,-9.355,0.265,3kZAm2TC74lBJFPDoV40Qc,Aggressive
33,0.562,0.117,94.91,0.0349,0.0131,0.00133,0.489,126302,-6.071,0.0397,17ogq23URBFExgIEnqbzOv,Aggressive
34,0.781,0.114,93.474,0.103,0.0237,0.0,0.476,123661,-4.71,0.175,4H74gbbaADS905j4pgCfbb,Aggressive
35,0.743,0.452,120.16,0.234,0.0191,0.0232,0.618,151690,-4.458,0.249,1rr9KQgLpdA8gN307EufaA,Aggressive
36,0.687,0.0586,121.949,0.139,0.0615,6.24e-06,0.839,246360,-7.071,0.0752,7jMm9nHuU9DhQzDDAtWfqK,Aggressive
37,0.892,0.346,145.975,0.177,0.079,0.000252,0.674,174393,-4.58,0.458,1s8TAeakEw0eFBwIru8fJO,Aggressive
38,0.812,0.166,139.923,0.0955,0.00376,4.9e-06,0.519,192496,-5.253,0.125,0L3KTdcdKyugN5j7hB3yj4,Aggressive
39,0.648,0.0984,106.075,0.0832,0.0725,0.00592,0.849,111020,-6.188,0.196,4irYeuAi87yyGHcI4h9s0x,Aggressive
40,0.573,0.657,144.946,0.181,0.0332,0.0163,0.909,134271,-6.856,0.392,7tUXZgLbOCvRJ9FBlairoU,Aggressive
41,0.413,0.218,108.036,0.31,0.0112,6.96e-05,0.774,108852,-8.835,0.127,5DNTCKpA8utYEWLIBcfkBS,Aggressive
42,0.59,0.114,112.97,0.263,0.0391,0.0107,0.829,127128,-7.818,0.332,0KRKqIJPX6LT9v1ZQGbfn7,Aggressive
43,0.62,0.0926,105.003,0.306,0.398,0.0,0.727,169979,-6.443,0.555,658I1uDnmLSiltFCf98AWE,Aggressive
44,0.609,0.128,140.15,0.372,0.00624,0.000121,0.77,93727,-6.38,0.293,3PLHEJsJTGsDg2ExhxZetY,Aggressive
45,0.665,0.132,119.934,0.325,0.131,0.00219,0.499,199500,-5.175,0.197,5VfMwt9My7JDyfbxilXjkw,Aggressive
46,0.767,0.102,91.981,0.258,0.00214,0.0,0.779,154565,-5.462,0.523,6kp0inxIexxSiDJfWqq0ZL,Aggressive
47,0.814,0.0556,156.985,0.42,0.0598,0.0134,0.831,124539,-7.364,0.389,2Vc6NJ9PW9gD9q343XFRKx,Aggressive
48,0.805,0.102,89.928,0.203,0.225,0.0343,0.398,145920,-10.423,0.303,0tZoZZlZOxLXidgrNrF38p,Aggressive
49,0.925,0.372,139.056,0.326,0.00171,2.31e-06,0.348,149802,-6.411,0.142,06JaZOCOBEWlsY0TEfBwqc,Aggressive
50,0.96,0.383,119.938,0.467,0.0878,6.11e-05,0.465,110811,-4.772,0.164,2fMCv3yixOLxHX1VIkJkSi,Aggressive
51,0.736,0.198,100.036,0.311,0.104,0.0571,0.401,126003,-4.99,0.301,2LymrmdPzZttyG6fNQCuym,Aggressive
52,0.573,0.0874,115.503,0.0673,0.00362,0.0,0.628,132702,-8.161,0.0387,2XLdbJRfl2UHHzIurEFgAA,Aggressive
53,0.976,0.315,140.065,0.0527,0.0713,0.0,0.56,147429,-0.631,0.116,3cy5kSb3ZxYKoPg3WRgQoT,Aggressive
54,0.992,0.453,139.974,0.357,0.0216,0.0,0.556,140643,1.012,0.544,7FtWVXTk9Uw9gTDxUrt8ar,Aggressive
55,0.867,0.384,114.422,0.225,0.0406,3.81e-06,0.523,127687,-3.397,0.495,6Fz6DNeFPJN8PwuSEJkzw5,Aggressive
56,0.636,0.406,139.953,0.0477,0.00763,0.864,0.514,130500,-8.255,0.0936,1ofn1fyK3vqoW9brbxn5pF,Aggressive
57,0.907,0.0894,119.922,0.391,0.0148,4.91e-05,0.569,132630,-5.226,0.326,1eBg9Rix0XTms2en8xSn7E,Aggressive
58,0.706,0.0927,120.045,0.0497,5.19e-05,0.0,0.836,76042,-4.065,0.0374,1j82fFDqVM2Sgb8tfMidBv,Aggressive
59,0.583,0.0519,144.819,0.185,0.0698,1.79e-06,0.709,156038,-5.738,0.0376,6XKUDYEbfo5zFupDkNGvrV,Aggressive
60,0.959,0.293,179.789,0.538,0.118,1.44e-06,0.317,133351,-0.962,0.0648,0da0nAdTGQNZ5jPUtZK0Vg,Aggressive
61,0.909,0.126,139.833,0.284,0.0254,0.0,0.543,137143,-3.199,0.43,4fXtpQEh7EMrnWaf1lDpeE,Aggressive
62,0.965,0.371,109.793,0.31,0.105,1.15e-06,0.526,154255,2.363,0.244,1meazaxMBeObBXh4sHxgee,Aggressive
63,0.98,0.835,140.037,0.377,0.191,0.0,0.613,154552,-0.291,0.321,1dTxhLlIqMpySzMn758GXi,Aggressive
64,0.799,0.289,144.025,0.111,0.0573,4.18e-06,0.729,240213,-6.136,0.439,4d8BSdhx6WT5GtTOWpv4rh,Aggressive
65,0.799,0.197,129.991,0.119,0.00213,0.00238,0.521,175423,-3.418,0.58,6L1xCoabUfZUvYJ4NvPY2l,Aggressive
66,0.657,0.54,114.819,0.104,0.000447,0.0123,0.631,90712,-7.923,0.137,4d99Bcb8doOvy5VsKJVUBU,Aggressive
67,0.876,0.091,130.159,0.0639,0.015,0.0,0.566,112536,-1.473,0.0832,509tVeGxQtAkg4VsrQqnFC,Aggressive
68,0.787,0.0905,130.113,0.0456,0.000821,0.672,0.546,114471,-3.357,0.266,0a7dm5jcVp3j0sQeq6GYyN,Aggressive
69,0.98,0.383,117.125,0.132,0.344,0.0,0.618,169231,-0.749,0.155,2Eb5AK8EUN8oz5nlzSr4b7,Aggressive
70,0.857,0.154,155.998,0.0409,0.00011,2.75e-05,0.481,128000,-2.034,0.186,0pKBj3LRjGJ6iinoPs33Rc,Aggressive
71,0.852,0.76,170.312,0.487,0.0329,0.242,0.245,104471,-3.215,0.165,0oWsCGzK0hUCUxTQ2HtNGy,Aggressive
72,0.797,0.0766,134.861,0.541,0.135,5.45e-06,0.686,134060,-9.339,0.486,45IHQJ9qhPLz119sXzsydj,Aggressive
73,0.971,0.251,160.159,0.456,0.0891,0.0,0.547,182787,-1.469,0.495,0QYXLSF8shBrQXcoGsBePR,Aggressive
74,0.883,0.315,137.908,0.176,0.00634,0.0,0.652,108147,-2.591,0.0611,2YVjyeoxb2Pyzqbc6teqyq,Aggressive
75,0.843,0.102,71.647,0.225,0.00345,2.53e-05,0.473,183536,-5.981,0.24,1K86gziny1mnNIisKBqzhH,Aggressive
76,0.908,0.134,78.048,0.0575,0.0966,0.0,0.542,102587,-2.857,0.509,0T6wsLOq4GmZL4HtOseM4k,Aggressive
77,0.453,0.356,139.04,0.35,0.0378,0.000375,0.784,151131,-5.545,0.0733,0pEmCGi4ZwJvXmGVvPeaDi,Aggressive
78,0.617,0.734,149.962,0.442,0.113,0.0,0.808,166400,-9.32,0.632,74lnM5V6ecvoTPV0fvptx9,Aggressive
79,0.946,0.399,85.015,0.315,0.186,0.0,0.638,151107,-3.685,0.583,07miQb315ezd5obb3PPzQB,Aggressive
80,0.85,0.305,122.429,0.0458,0.0215,0.0,0.768,80690,-6.606,0.251,540TGB8rGRvADQ3wS2zufL,Aggressive
81,0.854,0.218,136.151,0.325,0.0164,0.0,0.569,100588,-2.987,0.148,0h9fXUdWJrA5hXnIGZktZw,Aggressive
82,0.719,0.465,140.08,0.117,0.0277,0.0,0.607,130064,-4.086,0.213,1TisGU2iKuIvJUm23gAg6d,Aggressive
83,0.5,0.125,129.006,0.166,0.00763,1.16e-06,0.956,104255,-7.159,0.3,1otcpLWDaprg3BOtE5MadV,Aggressive
84,0.555,0.103,115.978,0.0346,0.216,0.0,0.713,200687,-8.707,0.375,4AdoFtd3t8AJruXmTRWfNX,Aggressive
85,0.704,0.343,137.934,0.186,0.00509,2.29e-05,0.518,198458,-5.745,0.224,0M0sZSQR2r7J8eNDjTjhmO,Aggressive
86,0.841,0.269,139.998,0.199,0.0301,0.0,0.528,116571,-4.689,0.338,38Q1UlURazKzjjefYREQUc,Aggressive
87,0.805,0.379,129.865,0.0974,0.0165,0.0,0.643,144000,-6.691,0.205,4hqAEmMOw9IUq0ujmmedGb,Aggressive
88,0.464,0.412,130.164,0.274,0.184,0.0,0.858,142154,-7.152,0.0881,5gN2Z0Xp82DsWstq3lHGRi,Aggressive
89,0.862,0.48,113.252,0.0612,0.162,0.0,0.373,150267,-1.98,0.32,5T0YyRxyxtLDxLYJhLjqWM,Aggressive
90,0.853,0.354,141.995,0.541,0.0538,0.0,0.59,138000,-6.03,0.401,2KzojgmXHO92bQMpyiz4oZ,Aggressive
91,0.751,0.0728,109.98,0.198,0.0614,0.0,0.774,140326,-2.445,0.189,37gqBnUAZe8BY8WR56kDNk,Aggressive
92,0.905,0.907,114.938,0.253,0.161,0.0669,0.665,147305,-5.785,0.288,1nB6VmrPybx4xwkL80OqdA,Aggressive
93,0.529,0.101,129.979,0.0328,0.393,0.0336,0.751,162894,-10.398,0.063,5sqXH7GlmZmToMnGs6Q0nz,Aggressive
94,0.505,0.161,118.045,0.0637,0.176,0.395,0.695,135262,-11.742,0.107,21d1P7ckHoTJr1l1ZmtFxU,Aggressive
95,0.551,0.311,150.023,0.265,0.134,1.11e-05,0.703,172019,-9.939,0.375,4ogq83eKhBYXjzRaEtigvV,Aggressive
96,0.949,0.406,153.995,0.209,0.0814,0.0,0.447,176173,-5.043,0.24,4NIxSd3Rlyr0qBb9ejTC2z,Aggressive
97,0.831,0.434,141.072,0.0639,0.00495,1.9e-05,0.692,119380,-2.909,0.0984,2u0zjh7LkkHAiqYvh596F6,Aggressive
98,0.896,0.627,144.998,0.413,0.0736,0.0,0.577,76000,-4.247,0.371,6TBG2B3jJukN4lr5LOwyJH,Aggressive
99,0.897,0.322,125.018,0.16,0.00848,0.0,0.541,130560,-1.613,0.457,1lOSZBX4HxLqzMwdYxluVI,Aggressive
0,0.97,0.205,79.504,0.0648,0.0644,0.000156,0.715,239240,-2.206,0.963,3AszgPDZd9q0DpDFt4HFBy,Happy
1,0.609,0.0344,114.988,0.0824,0.00801,8.15e-05,0.856,269667,-7.223,0.928,32OlwWuMpZ6b0aN2RZOeMS,Happy
2,0.832,0.269,125.926,0.0298,0.168,0.00131,0.697,215093,-7.264,0.979,2grjqo0Frpf2okIBiifQKs,Happy
3,0.338,0.248,177.765,0.0329,0.652,3.73e-06,0.388,303373,-10.054,0.478,2RlgNHKcydI9sayD2Df2xp,Happy
4,0.651,0.105,97.918,0.0324,0.292,0.00241,0.69,254560,-8.267,0.706,0bRXwKfigvpKZUurwqAlEh,Happy
5,0.804,0.0685,107.383,0.0473,0.172,0.00028,0.731,205933,-7.621,0.957,7GVUmCP00eSsqc4tzj1sDD,Happy
6,0.503,0.0662,101.05,0.109,0.344,0.0,0.79,252524,-11.169,0.881,1WR8eDyLw7uW5KDv7Sr50h,Happy
7,0.626,0.183,82.488,0.0805,0.125,0.0,0.731,173640,-6.919,0.862,1v3Ozpbcx2B926aVW0UuXk,Happy
8,0.857,0.0726,127.656,0.17,0.00131,0.0,0.965,183760,-8.458,0.951,6jBCehpNMkwFVF3dz4nLIW,Happy
9,0.518,0.104,151.891,0.0897,0.223,0.0,0.815,177667,-6.594,0.877,0uI7yAKUf52Cn7y3sYyjiX,Happy
10,0.884,0.0997,119.991,0.0459,0.00516,0.0,0.612,245626,-4.4,0.626,0QULNNd9z5s35entfiiXoa,Happy
11,0.8,0.0822,100.011,0.0399,0.00584,0.0,0.706,259333,-6.333,0.629,3U5JVgI2x4rDyHGObzJfNf,Happy
12,0.782,0.317,79.427,0.185,0.375,0.0,0.655,184227,-4.789,0.832,3cU2wBxuV6nFiuf6PJZNlC,Happy
13,0.709,0.0289,122.019,0.0839,0.0048,0.0,0.7,202960,-5.006,0.625,1gv4xPanImH17bKZ9rOveR,Happy
14,0.765,0.0527,120.001,0.0585,0.00765,3.82e-06,0.765,227147,-2.732,0.886,4urcG6Nfubqsuqy3juMjBi,Happy
15,0.571,0.0912,105.049,0.0439,0.0558,0.0,0.575,197947,-7.906,0.449,4NBTZtAt1F13VvlSKe6KTl,Happy
16,0.727,0.327,110.037,0.0679,0.706,0.000105,0.873,196198,-7.373,0.835,1CIEmoSeUqxnUAx5tQBiDS,Happy
17,0.678,0.101,103.952,0.0324,0.0151,5.71e-06,0.693,228267,-7.159,0.404,6oJ6le65B3SEqPwMRNXWjY,Happy
18,0.771,0.087,125.011,0.0725,0.00761,0.0,0.729,198053,-2.451,0.873,3SPDQfj2UfWq6A2NllZnzn,Happy
19,0.748,0.16,120.052,0.0488,0.189,2.66e-06,0.636,166183,-3.158,0.631,6NT3mn7s2Td1WzhK4DcUcQ,Happy
20,0.438,0.0764,175.139,0.0529,0.064,0.0,0.424,144893,-15.192,0.924,6fvIzrJ6boUDFF19fH4S2s,Happy
21,0.881,0.21,138.03,0.0393,0.209,0.0,0.642,222045,-3.537,0.913,38zwkK6TtTjIW9tpYBfZ3D,Happy
22,0.801,0.328,160.547,0.0565,0.691,0.0,0.458,159853,-7.83,0.93,7FS541dJh3iQAEXEZoDhE6,Happy
23,0.569,0.046,167.202,0.0552,0.261,0.308,0.737,190707,-6.702,0.912,2dlEdDEmuQsrcXaAL3Znzi,Happy
24,0.573,0.0607,81.548,0.0423,0.271,0.0,0.62,231333,-11.893,0.897,0ikz6tENMONtK6qGkOrU3c,Happy
25,0.911,0.348,117.147,0.0417,0.0557,5.54e-06,0.661,334187,-6.571,0.919,0pBhA8yQ5FUKyQG13x2Qmh,Happy
26,0.514,0.0605,114.06,0.0295,0.255,0.0471,0.814,141267,-11.571,0.787,1orD9IAKp9MotxkDEhl6Mr,Happy
27,0.868,0.129,121.822,0.105,0.0876,0.124,0.647,242240,-6.427,0.803,3pf96IFggfQuT6Gafqx2rt,Happy
28,0.943,0.653,129.003,0.0431,0.0736,0.0,0.696,194867,-2.962,0.833,3CSpzkoL1XgDBZ1q9aDCUV,Happy
29,0.748,0.447,118.852,0.0363,0.127,0.0,0.5,250987,-9.072,0.514,4bHsxqR3GMrXTxEPLuK5ue,Happy
30,0.957,0.291,159.977,0.0634,0.00162,0.000617,0.426,174933,-5.552,0.888,4VRJfWj7cNKivIggXeje8z,Happy
31,0.822,0.0908,160.019,0.183,0.219,0.0,0.647,232720,-4.662,0.962,60nZcImufyMA1MKQY3dcCH,Happy
32,0.832,0.0968,113.035,0.0682,0.0106,0.0,0.669,237547,-5.72,0.7,1WkMMavIMc4JZ8cfMmxHkI,Happy
33,0.905,0.224,123.517,0.0636,0.0124,0.000265,0.839,455577,-4.879,0.849,21uey4kQ7dai4fGgGNLGcn,Happy
34,0.748,0.604,94.1,0.0887,0.0849,0.0,0.652,267413,-5.242,0.652,1z6WtY7X4HQJvzxC4UgkSf,Happy
35,0.824,0.0888,118.818,0.0453,0.207,0.000307,0.709,291293,-8.824,0.867,2tUBqZG2AbRi7Q0BIrVrEj,Happy
36,0.773,0.11,119.961,0.148,0.019,1.28e-06,0.681,199008,-5.749,0.429,00ETaeHUQ6lops3oWU1Wrt,Happy
37,0.732,0.342,123.982,0.0421,0.0547,2.47e-06,0.786,190680,-6.664,0.631,3qcse1HvDQ1vGQo6Egtkom,Happy
38,0.647,0.0964,130.032,0.0301,0.0301,0.000142,0.639,148034,-6.537,0.352,6CenzKfN5aqSMXV8yJAi43,Happy
39,0.733,0.17,119.933,0.0359,0.248,8.96e-06,0.66,217000,-4.619,0.304,2iL0W5qi0ivZ9WRXbZ74cS,Happy
40,0.523,0.132,104.988,0.03,0.184,3.56e-05,0.765,217307,-4.333,0.394,1rfofaqEpACxVEHIZBJe6W,Happy
41,0.724,0.0522,112.992,0.0754,0.0934,1.73e-06,0.838,175333,-3.025,0.385,5yjOhc3JKrznGouRHMagoJ,Happy
42,0.486,0.111,128.038,0.0311,0.0129,0.0,0.414,230762,-6.431,0.368,4ut5G4rgB1ClpMTMfjoIuy,Happy
43,0.801,0.134,108.001,0.0333,0.00415,0.000248,0.703,202222,-4.694,0.672,6QD2VjrjttjljqUZPf9R89,Happy
44,0.912,0.259,128.024,0.0884,0.0434,0.0,0.595,234453,-3.428,0.762,3rfhI32Il2hVRKDkuGeeen,Happy
45,0.817,0.117,119.95,0.0407,0.00987,0.00167,0.736,204760,-4.9,0.653,3LUWWox8YYykohBbHUrrxd,Happy
46,0.67,0.338,118.159,0.0473,0.0104,3.33e-06,0.588,238173,-6.439,0.505,5N4erncE7kuUccm7zEmwzk,Happy
47,0.807,0.348,103.038,0.035,0.0714,0.28,0.763,229640,-3.714,0.559,3FtYbEfBqAlGO46NUDQSAt,Happy
48,0.791,0.157,102.071,0.124,0.0384,0.0,0.72,175427,-4.689,0.756,2Dz8KeCYs9awlwUJStJlmh,Happy
49,0.96,0.121,117.486,0.032,0.0457,0.0,0.574,254733,-4.906,0.978,2Y90nL1ohB4sgYELDs7uNx,Happy
50,0.735,0.242,115.741,0.0457,0.286,0.0,0.672,201287,-4.733,0.754,4ofwffwvvnbSkrMSCKQDaC,Happy
51,0.886,0.0826,97.012,0.0431,0.185,0.0,0.673,216773,-4.44,0.795,4HlFJV71xXKIGcU3kRyttv,Happy
52,0.706,0.105,106.52,0.0312,0.0833,0.0,0.689,226268,-4.48,0.623,2sX7lJXsOYGP1Us6CqM9t1,Happy
53,0.816,0.335,95.39,0.0465,0.122,0.0,0.548,174000,-4.209,0.557,6UelLqGlWMcVH1E5c4H7lY,Happy
54,0.847,0.25,173.914,0.0348,5.12e-06,0.0208,0.323,98400,-4.716,0.859,1Q8reqCOXg2yqNr47HGo9X,Happy
55,0.778,0.111,126.001,0.0522,0.0856,0.0,0.646,200347,-4.07,0.874,6Ie4zAU48O8czAm0sAG0D7,Happy
56,0.866,0.257,128.038,0.0619,0.00701,0.0,0.578,199080,-3.804,0.619,0kzw2tRyuL9rzipi5ntlIy,Happy
57,0.849,0.121,100.095,0.0649,0.0916,0.0,0.679,238667,-3.841,0.683,6iMoJ3UdrO2ZjzzcaN8Eom,Happy
58,0.589,0.136,97.979,0.0403,0.00417,2.67e-05,0.768,199380,-8.991,0.757,6zTKuNMEU3svBn65L6u88M,Happy
59,0.649,0.332,95.034,0.0691,0.223,0.0,0.876,203680,-4.369,0.742,5H9H0i7UCmRDCZRHldbmhN,Happy
60,0.712,0.211,98.023,0.046,0.132,0.0,0.694,201122,-3.923,0.799,1rIKgCH4H52lrvDcz50hS8,Happy
61,0.844,0.238,110.031,0.0409,0.0016,0.00247,0.639,172376,-3.126,0.697,3AYirxvYvayyrk0u4c2ytC,Happy
62,0.567,0.18,144.021,0.0585,0.193,0.00023,0.789,145701,-8.501,0.725,6Gl9htJmNmnugLygZo15QF,Happy
63,0.768,0.325,123.07,0.0394,0.0119,4.91e-06,0.781,213309,-5.991,0.486,5N5k9nd479b1xpDZ4usjrg,Happy
64,0.758,0.152,117.82,0.221,0.00616,0.0,0.79,152526,-4.286,0.79,1GELM6kROxHwFJDJdp7qqy,Happy
65,0.817,0.0905,77.053,0.052,0.134,0.0,0.529,225587,-4.05,0.299,4GV5sSkmlS3BQutuSIqZkV,Happy
66,0.862,0.0814,123.994,0.11,0.037,2.19e-05,0.791,214847,-3.24,0.592,7ef4DlsgrMEH11cDZd32M6,Happy
67,0.598,0.295,149.836,0.0868,0.16,0.0,0.758,184905,-5.695,0.658,4TgxFMOn5yoESW6zCidCXL,Happy
68,0.699,0.0814,104.941,0.0958,0.488,3.6e-06,0.773,180120,-5.982,0.513,4BiiOzZCrXEzHRLYcYFiD5,Happy
69,0.743,0.111,169.981,0.0425,0.0267,0.00504,0.558,184941,-5.744,0.4,0K7dHDzNwEAF4kgJUK96Mq,Happy
70,0.497,0.0911,99.137,0.0809,0.152,0.0,0.677,236853,-5.763,0.419,0Zbbxnx4SGGHoIow4PpISP,Happy
71,0.653,0.191,100.051,0.0626,0.195,0.0,0.565,174507,-5.846,0.471,61A5grQZlbqoCxVUWLI19v,Happy
72,0.869,0.0593,123.964,0.0461,0.149,0.0,0.678,200533,-4.345,0.882,0iSWAT0EL8TwmzcgBjKMh6,Happy
73,0.584,0.366,179.954,0.284,0.0805,0.0,0.581,206046,-4.928,0.756,6SGG5AxHShqSYiV9fCWpZz,Happy
74,0.954,0.0555,178.043,0.0476,0.00414,0.0,0.425,243160,-3.756,0.933,0Ph6L4l8dYUuXFmb71Ajnd,Happy
75,0.643,0.0735,102.09,0.325,0.203,0.0,0.582,161075,-5.242,0.645,6S9i5ew6dEQO0RSTkmBLoE,Happy
76,0.435,0.106,114.963,0.0391,0.369,0.0,0.666,153931,-8.089,0.6,05OCY605lOXP7koHNBMPc2,Happy
77,0.363,0.363,94.978,0.0261,0.699,3e-05,0.682,154275,-10.837,0.203,5tqNWWiySiABLrGAvSWsO5,Happy
78,0.908,0.241,144.581,0.0879,1.4e-05,1.4e-05,0.376,265560,-3.793,0.266,67vYdAAM3oGsEImCRfbtsF,Happy
79,0.891,0.357,104.954,0.0376,0.000896,0.000137,0.568,190227,-5.786,0.522,5TUZhrb8UaaA76NhzZax2Z,Happy
80,0.555,0.418,110.663,0.049,0.0618,1.76e-06,0.393,313193,-7.26,0.328,6731YdP19CJBKlSaJNBAK0,Happy
81,0.642,0.108,96.957,0.134,0.00529,0.0,0.762,249984,-4.387,0.501,5X5glzGswcMhovzjTezQFC,Happy
82,0.699,0.0879,121.122,0.0892,0.0203,0.0,0.638,160398,-6.542,0.57,3YmgsYX80v0EtBZekgcB6w,Happy
83,0.786,0.0943,125.983,0.0478,0.197,0.0,0.676,218359,-4.529,0.483,0DmAvNCAK08oCi7miSZUIY,Happy
84,0.507,0.0543,123.998,0.0539,0.0451,0.0,0.957,172907,-6.206,0.817,5x0ON9RTinvk06U7SwLXjW,Happy
85,0.683,0.176,97.061,0.0328,0.0211,0.0,0.562,203320,-6.179,0.464,3KqRYO83UpIst49K6USWep,Happy
86,0.873,0.374,104.365,0.122,0.0486,0.0,0.478,155668,-3.637,0.739,2yySWxfeRN2QRZnFMnYMQl,Happy
87,0.495,0.111,93.063,0.034,0.0663,0.0,0.807,156507,-7.859,0.74,2VkPfL3qQ2adxShD3rNvoV,Happy
88,0.846,0.116,115.965,0.0439,0.0325,0.0,0.639,224813,-6.184,0.475,3M31S6f0z8S3nkFh3eS06W,Happy
89,0.678,0.0638,166.019,0.177,0.255,0.0,0.732,153523,-4.078,0.92,5MJ47IaaEMMKsgUqYEaCCv,Happy
90,0.689,0.0904,95.98,0.0503,0.0537,0.0,0.659,206135,-6.649,0.579,4LDuSfbXupGKg6RpkgTAij,Happy
91,0.823,0.322,128.035,0.0394,0.213,0.0,0.646,227267,-4.123,0.418,7MmG8p0F9N3C4AXdK6o6Eb,Happy
92,0.787,0.255,122.103,0.0337,0.0803,0.0,0.792,193672,-5.022,0.961,3lffqHBnMd4ie30QiRTBOY,Happy
93,0.856,0.347,119.397,0.0348,0.0624,0.0,0.632,232693,-3.463,0.867,3Fzlg5r1IjhLk2qRw667od,Happy
94,0.869,0.046,122.017,0.0382,0.128,2.2e-05,0.653,197347,-3.725,0.697,03mMSLEJCPoGJwQhHpN5y0,Happy
95,0.842,0.0601,125.988,0.103,0.000417,0.835,0.825,193997,-6.412,0.44,0tnB2ZH4DbjLjCBmdr5VXz,Happy
96,0.588,0.167,75.011,0.165,0.0503,0.0,0.786,156505,-3.777,0.685,3orJ0XpgXRG1LTA521BpDz,Happy
97,0.688,0.169,139.475,0.0414,0.248,0.0,0.591,129867,-8.583,0.759,4Nlif8FMSkyegKgukC31Yi,Happy
98,0.88,0.0598,144.996,0.0378,0.000817,1.01e-05,0.611,164200,-6.571,0.771,6J7U49QGecWb3WqIqfSYc0,Happy
0,0.849,0.0414,124.631,0.0452,0.641,7.74e-06,0.482,155227,-9.198,0.937,4Z1fbYp0HuxLBje4MOZcSD,Happy
1,0.82,0.3,118.208,0.0805,0.261,0.0,0.547,172867,-6.728,0.933,6Ac4NVYYl2U73QiTt11ZKd,Happy
2,0.821,0.153,174.923,0.0539,0.0102,0.0438,0.551,137760,-4.489,0.842,5dKBaysNJtfpyNTRa5lqDb,Happy
3,0.876,0.677,156.291,0.187,0.0175,0.0114,0.566,209447,-4.6,0.642,2RknY4IqSPwagR0v5wchIW,Happy
4,0.681,0.0233,114.989,0.0888,0.00966,5.71e-05,0.853,270627,-5.003,0.93,4rmPQGwcLQjCoFq5NrTA0D,Happy
5,0.79,0.165,131.177,0.059,0.139,0.00669,0.679,251533,-6.934,0.369,6VwkgtOIlVboseFPCFnyJ2,Happy
6,0.816,0.335,95.39,0.0465,0.122,0.0,0.548,174000,-4.209,0.557,6UelLqGlWMcVH1E5c4H7lY,Happy
7,0.97,0.205,79.504,0.0648,0.0644,0.000156,0.715,239240,-2.206,0.963,3AszgPDZd9q0DpDFt4HFBy,Happy
8,0.783,0.0803,99.992,0.0444,0.232,0.00886,0.818,162267,-6.534,0.819,1YrC8s6yZWw23QxW6rfM9f,Happy
9,0.651,0.489,81.397,0.048,0.144,0.0,0.586,223067,-10.16,0.901,6ZEAXknmx2mrO3KgcDNpFI,Happy
10,0.832,0.183,112.007,0.0291,0.0881,0.0674,0.692,165810,-4.414,0.858,4S46FETQcxhXROubIV11M3,Happy
11,0.692,0.324,116.017,0.0431,0.0412,7.24e-05,0.874,178560,-5.28,0.937,55h7vJchibLdUkxdlX3fK7,Happy
12,0.656,0.169,121.112,0.0595,0.0466,0.0187,0.843,215653,-11.184,0.931,6pc8xULSlsMdFB3OrqbvZ4,Happy
13,0.712,0.211,98.023,0.046,0.132,0.0,0.694,201122,-3.923,0.799,1rIKgCH4H52lrvDcz50hS8,Happy
14,0.928,0.0988,148.03,0.0759,0.00113,0.0,0.351,222076,-3.71,0.239,0eGsygTp906u18L0Oimnem,Happy
15,0.924,0.084,100.045,0.146,0.0841,3.59e-06,0.631,192280,-5.589,0.755,213x4gsFDm04hSqIUkg88w,Happy
16,0.323,0.137,93.031,0.0982,0.75,0.0111,0.833,175484,-6.3,0.678,6wAFJrqup7D88zL1bB4QS4,Happy
17,0.869,0.0678,109.902,0.037,0.0116,0.173,0.596,238733,-11.97,0.944,05wIrZSwuaVWhcv5FfqeH0,Happy
18,0.525,0.0714,112.022,0.0578,0.183,0.0,0.878,158571,-6.832,0.694,1Cv1YLb4q0RzL6pybtaMLo,Happy
19,0.894,0.0741,174.982,0.0765,0.147,0.0,0.341,237733,-6.66,0.672,4vnYwFOZCVl0bmerWyuzRw,Happy
20,0.467,0.0881,101.048,0.12,0.414,0.00304,0.806,156000,-11.021,0.565,68LD8P1989xcYJKZA3aqRV,Happy
21,0.793,0.0951,123.95,0.083,0.0123,0.0,0.793,183290,-4.521,0.679,3PfIrDoz19wz7qK7tYeu62,Happy
22,0.531,0.0938,70.469,0.0954,0.331,1.51e-06,0.598,168000,-7.484,0.696,4ZrbWwFHHjPoe7cfUBJ9WQ,Happy
23,0.879,0.109,134.064,0.0514,0.0476,1.91e-06,0.811,188754,-3.724,0.962,0ifSeVGUr7py5GggttDhXw,Happy
24,0.711,0.116,74.989,0.126,0.439,0.0,0.741,166400,-9.359,0.801,1hmV2cFt3tJfvOc9zwzytY,Happy
25,0.163,0.0688,69.283,0.165,0.881,7.62e-05,0.681,292400,-22.597,0.771,5YbgcwHjQhdT1BYQ4rxWlD,Happy
26,0.847,0.336,97.974,0.0385,0.0462,0.0,0.544,184133,-4.794,0.168,24fXShNbufmThxBTWWPfO1,Happy
27,0.704,0.0884,128.685,0.0402,0.401,0.132,0.896,243696,-12.148,0.98,6W99yGcIH43jskdRA7idD3,Happy
28,0.616,0.117,106.013,0.0416,0.00174,5.41e-05,0.771,202642,-6.851,0.336,4e8yoTt9IuRbDkbsLntXZZ,Happy
29,0.801,0.241,103.197,0.0354,0.0209,0.0,0.466,267413,-5.175,0.379,3O0FuEfTpt3Zn6J3pXrXVO,Happy
30,0.869,0.046,122.017,0.0382,0.128,2.2e-05,0.653,197347,-3.725,0.697,03mMSLEJCPoGJwQhHpN5y0,Happy
31,0.87,0.184,124.444,0.0308,0.00361,0.126,0.491,224800,-5.99,0.814,4er8NyQ8cFnZ2b643Tjc44,Happy
32,0.588,0.149,98.027,0.0924,0.692,0.000104,0.824,209438,-6.4,0.513,2XU0oxnq2qxCpomAAuJY8K,Happy
33,0.632,0.0769,113.682,0.145,0.0126,4.95e-06,0.548,245800,-5.569,0.535,7KdF7Zac5eC9jutk9Qret4,Happy
34,0.686,0.274,193.667,0.0325,0.18,2.66e-06,0.525,150126,-8.879,0.91,5olYKlNYCELRBQzxQ6Tr1V,Happy
35,0.791,0.321,133.042,0.048,0.0392,0.0,0.654,199526,-6.243,0.603,04MNyOQZDvLsW2gjAm9q2L,Happy
36,0.859,0.117,127.917,0.0479,0.00224,0.893,0.429,249142,-4.75,0.374,6eAg68QCEmM9wqTPlNhDco,Happy
37,0.885,0.086,97.03,0.0436,0.217,0.0,0.675,216667,-4.432,0.768,0KpfYajJVVGgQ32Dby7e9i,Happy
38,0.745,0.0943,101.018,0.0571,0.0642,0.0,0.893,223413,-3.105,0.872,5bcTCxgc7xVfSaMV3RuVke,Happy
39,0.857,0.0726,127.656,0.17,0.00131,0.0,0.965,183760,-8.458,0.951,6jBCehpNMkwFVF3dz4nLIW,Happy
40,0.754,0.445,123.98,0.0309,0.00828,0.0198,0.693,229920,-7.57,0.432,1iRlSxYYKp4T7TAgqt5jT4,Happy
41,0.887,0.275,142.014,0.0424,0.0231,0.0,0.689,205027,-4.27,0.937,0Me1AKVY2wzxOKLMiaAtNy,Happy
42,0.731,0.151,101.654,0.0379,0.431,0.0,0.484,204280,-6.694,0.51,3JvrhDOgAt6p7K8mDyZwRd,Happy
43,0.838,0.418,113.373,0.11,0.0832,0.0,0.742,188240,-6.442,0.848,3v8PlUFGQQDBIk1J86waCo,Happy
44,0.958,0.101,145.063,0.0543,2.64e-05,0.000245,0.434,209804,-3.558,0.746,2zJGwCm2cqkb7q0qrOIMpY,Happy
45,0.837,0.344,168.114,0.115,0.0842,0.0,0.618,174800,-5.574,0.8,1bxa0TPdBMHPeZFHe0adCw,Happy
46,0.855,0.27,136.062,0.0913,0.0166,0.193,0.642,165905,-3.194,0.623,4L8gG0XMQzKJfmygtHV5qZ,Happy
47,0.811,0.101,116.047,0.038,0.0426,1.07e-06,0.794,248413,-8.966,0.862,2Foc5Q5nqNiosCNqttzHof,Happy
48,0.795,0.0717,79.028,0.0504,0.0417,0.000113,0.801,163253,-5.115,0.754,6QgjcU0zLnzq5OrUoSZ3OK,Happy
49,0.85,0.0867,100.015,0.0524,0.0733,0.0122,0.638,229227,-4.251,0.545,3cQzrjkL2UaGLX1abHxaIz,Happy
50,0.929,0.0931,137.996,0.037,0.0499,1.7e-06,0.556,188893,-3.659,0.842,1hy6Dic0L5SU1XqjhYY1TR,Happy
51,0.923,0.149,96.043,0.0691,0.00892,0.0,0.613,166920,-5.234,0.669,2kiJ5lZQZusgWwpqA7z2i1,Happy
52,0.936,0.136,172.43,0.104,0.416,0.000135,0.461,249333,-6.824,0.811,7w4Tbkbx081vRJa8ol56Qf,Happy
53,0.497,0.107,150.096,0.0626,0.147,8.24e-06,0.686,131200,-6.508,0.741,7MDSd5MwBcZuvZBHmWIkiy,Happy
54,0.672,0.0688,166.903,0.0637,0.314,5.03e-06,0.635,155333,-6.788,0.895,6pyex9B1kBoRIuabBAc4m8,Happy
55,0.831,0.0801,93.948,0.0456,0.0104,0.000183,0.532,159407,-4.359,0.764,6fWMEDCURTkeP9bPYvzcJe,Happy
56,0.824,0.363,122.221,0.0449,0.0271,0.0152,0.676,187733,-5.752,0.696,4Sqc0kPuZpfI0T2TZBu8JT,Happy
57,0.634,0.0678,128.992,0.0289,0.0763,0.0,0.466,194240,-5.3,0.324,5zsvG3RApT8qMVl7673FqF,Happy
58,0.79,0.111,107.985,0.104,0.793,0.155,0.899,166667,-3.651,0.92,58E5eiErWFE5oU9eSCa5ZA,Happy
59,0.752,0.0907,187.712,0.0581,0.448,0.00061,0.559,179973,-10.046,0.946,6nzhhT57iQYrbqumru9NNP,Happy
60,0.881,0.074,118.237,0.0758,0.134,0.00952,0.636,133467,-5.376,0.845,7BXToqZFtclAj6mshYWena,Happy
61,0.924,0.149,111.995,0.036,0.00205,0.000175,0.638,263787,-3.887,0.53,4MFCXniy7I8tj0GXtf3wgC,Happy
62,0.847,0.25,173.914,0.0348,5.12e-06,0.0208,0.323,98400,-4.716,0.859,1Q8reqCOXg2yqNr47HGo9X,Happy
63,0.868,0.129,121.822,0.105,0.0876,0.124,0.647,242240,-6.427,0.803,3pf96IFggfQuT6Gafqx2rt,Happy
64,0.901,0.0736,100.002,0.0348,0.0525,0.000535,0.673,194093,-2.379,0.503,44AXd3UVaaVYsSQqBpnYO2,Happy
65,0.684,0.685,161.167,0.0797,0.652,0.0,0.516,131160,-5.659,0.84,0BbA7S30mOQB94e4IBnqCt,Happy
66,0.777,0.298,126.008,0.0567,0.299,0.0,0.706,203204,-4.591,0.638,6TMzuNLw1ZPgBqPKmnnObm,Happy
67,0.551,0.0827,131.922,0.0396,0.151,0.0,0.851,219467,-5.177,0.807,66S14BkJDxgkYxLl5DCqOz,Happy
68,0.805,0.413,136.67,0.0311,0.000178,0.00135,0.516,223813,-8.017,0.72,6i9uagZQiliNoEW8Jp10dX,Happy
69,0.943,0.653,129.003,0.0431,0.0736,0.0,0.696,194867,-2.962,0.833,3CSpzkoL1XgDBZ1q9aDCUV,Happy
70,0.83,0.261,117.973,0.0632,0.0288,0.0215,0.594,203527,-5.727,0.69,6WP4WTHzaPTCk1QrbRLhgL,Happy
71,0.414,0.11,107.438,0.0791,0.0211,0.453,0.936,152880,-8.942,0.899,0FXJkC3XA6UOyvti331jQw,Happy
72,0.924,0.117,134.975,0.0703,0.0668,0.0,0.607,198827,-5.684,0.778,1SZN00cfG8T8UxDmJeqjuv,Happy
73,0.763,0.359,136.205,0.0341,0.00126,6.75e-05,0.526,215160,-12.663,0.514,20CNpCKq1oTdvekXaboyeq,Happy
74,0.948,0.0969,133.004,0.0753,0.00183,0.0995,0.611,174920,-3.751,0.79,4HRa9ZWcmZ8JD7UySPu0wT,Happy
75,0.872,0.047,162.407,0.0602,0.00402,0.00909,0.445,208360,-6.294,0.834,5Q7cE6wGHMehLFo2ppkk5D,Happy
76,0.628,0.181,121.793,0.0328,0.0871,0.0,0.794,159119,-4.321,0.935,7BL33HmuFQien4olebugdj,Happy
77,0.815,0.0826,154.514,0.144,0.0491,0.0,0.511,215307,-3.14,0.586,1bCmvezFg5MRcENzCGG1Cy,Happy
78,0.688,0.282,122.983,0.0379,0.00209,0.0541,0.818,259507,-7.083,0.971,2qONptRzQM0D3BGOgAsapI,Happy
79,0.813,0.227,129.99,0.0327,5.65e-05,0.00352,0.462,206753,-4.562,0.595,72NC9kHkFA7k98dE0t4xEX,Happy
80,0.895,0.13,91.905,0.031,0.00227,0.00394,0.464,238293,-7.683,0.932,2Rkfv2emuT4A1QU6dJmf5V,Happy
81,0.767,0.112,100.38,0.0449,0.225,0.0,0.587,201707,-5.713,0.664,5p9XWUdvbUzmPCukOmwoU3,Happy
82,0.631,0.159,123.286,0.0398,0.0346,0.0,0.704,295667,-12.299,0.793,2DX0WG5OGLQLaXb41Cq1IA,Happy
83,0.981,0.386,134.007,0.06,0.0171,1.07e-05,0.58,195667,-2.603,0.861,5XMjXjwCkJVmk0AHm7z8IV,Happy
84,0.905,0.0644,122.448,0.0378,0.0273,0.199,0.629,212960,-4.745,0.967,52MW2hwNmLa0KdsZZk8360,Happy
85,0.915,0.0964,130.013,0.0411,0.2,0.00332,0.621,221722,-5.224,0.818,1YyHm1dSJ2JBK0QK769Z82,Happy
86,0.868,0.136,158.563,0.0361,0.656,0.0,0.55,148627,-5.472,0.962,7sVxvaLH9Bx9YZyBjdRpdQ,Happy
87,0.599,0.0909,89.932,0.0934,0.0079,0.0,0.507,177778,-7.074,0.516,1r7rNbAcw17mhrap3ofjSb,Happy
88,0.647,0.0972,122.771,0.0299,0.757,3.08e-06,0.757,169627,-10.264,0.97,4GAI8BxeMgrvhZNEU59UfR,Happy
89,0.85,0.281,116.999,0.043,0.028,7.21e-05,0.646,165720,-5.145,0.518,4gTwPFGhIIlYtlo59jbVUB,Happy
90,0.76,0.325,171.838,0.0414,0.118,0.0,0.426,131213,-4.082,0.955,7pQAq14Z73YUFMtxCyt0bG,Happy
91,0.903,0.194,159.95,0.097,0.013,0.0,0.7,201418,-5.811,0.96,3E7HFO84HdWVJXzqKE82xO,Happy
92,0.641,0.0601,120.745,0.0289,0.13,0.000218,0.699,187213,-7.564,0.728,6pxWv6GV35VGmcPf5dh6CH,Happy
93,0.728,0.0777,188.701,0.0433,0.415,0.0,0.405,205093,-4.76,0.342,1gStng1TuTLt0SaISWL14r,Happy
94,0.928,0.2,136.258,0.0589,0.0154,0.00134,0.536,248400,-6.492,0.389,0gzqZ9d1jIKo9psEIthwXe,Happy
95,0.786,0.497,97.54,0.0377,0.0349,0.00767,0.635,241547,-6.46,0.305,7zkDEBSxkcBVsStS4qBFpK,Happy
96,0.845,0.336,119.48,0.0372,0.0528,0.0,0.639,233373,-3.333,0.871,1FHNctV68GUNLgXclG2DtR,Happy
97,0.887,0.334,136.057,0.0565,0.0607,2.41e-06,0.574,229244,-6.172,0.622,4fCHoHmwmX8LgAp6A1GULJ,Happy
98,0.923,0.0879,97.874,0.032,0.0674,0.0,0.639,175347,-5.708,0.761,4YUlGNZfYA6EUE5KDsGqpC,Happy
99,0.71,0.55,110.017,0.0324,0.00277,0.0,0.673,173613,-6.744,0.54,5yNEdBlZMxpcVtGKz5NFk5,Happy
